label,pair,tf_hours,entry_mode,sl_buffer_pips,max_sl_pips,rr,bos_lookback,trades,wins,losses,win_rate_%,profit_factor,total_pips,exp_pips/trade,wt_trades,wt_wins,wt_wr_%,wt_pf,ct_trades,ct_wins,ct_wr_%,ct_pf,final_equity_$,net_return_%,max_dd_$,max_dd_%
GBPUSD_2H_origination_top_lb3_sl5_rr15,GBPUSD,2,top,5,30,1.5,3,7,4,3,57.1,1.67,53.3,7.6,6,3,50.0,1.25,1,1,100.0,999.0,10298.4,3.0,206.01,2.0
GBPUSD_2H_origination_mid_lb3_sl5_rr15,GBPUSD,2,mid,5,30,1.5,3,37,26,11,70.3,3.39,604.8,16.3,22,16,72.7,3.61,15,10,66.7,3.12,13187.36,31.9,516.66,3.9
GBPUSD_2H_origination_bottom_lb3_sl5_rr15,GBPUSD,2,bottom,5,30,1.5,3,32,13,19,40.6,1.03,2.5,0.1,25,11,44.0,1.18,7,2,28.6,0.6,10025.99,0.3,779.45,7.8
GBPUSD_2H_origination_top_lb3_sl5_rr20,GBPUSD,2,top,5,30,2.0,3,7,1,6,14.3,0.34,-94.3,-13.5,6,1,16.7,0.41,1,0,0.0,0.0,9603.1,-4.0,585.2,5.9
GBPUSD_2H_origination_mid_lb3_sl5_rr20,GBPUSD,2,mid,5,30,2.0,3,37,22,15,59.5,2.92,643.4,17.4,22,13,59.1,2.7,15,9,60.0,3.23,13299.1,33.0,521.19,4.0
GBPUSD_2H_origination_bottom_lb3_sl5_rr20,GBPUSD,2,bottom,5,30,2.0,3,32,13,19,40.6,1.37,35.0,1.1,25,11,44.0,1.57,7,2,28.6,0.8,10687.37,6.9,596.42,6.0
GBPUSD_2H_origination_top_lb3_sl5_rr25,GBPUSD,2,top,5,30,2.5,3,7,1,6,14.3,0.43,-81.9,-11.7,6,1,16.7,0.51,1,0,0.0,0.0,9650.17,-3.5,585.2,5.9
GBPUSD_2H_origination_mid_lb3_sl5_rr25,GBPUSD,2,mid,5,30,2.5,3,37,21,16,56.8,3.38,836.4,22.6,22,12,54.5,2.96,15,9,60.0,4.03,14306.33,43.1,544.26,3.9
GBPUSD_2H_origination_bottom_lb3_sl5_rr25,GBPUSD,2,bottom,5,30,2.5,3,32,13,19,40.6,1.71,67.5,2.1,25,11,44.0,1.96,7,2,28.6,1.0,11388.83,13.9,448.0,4.5
GBPUSD_2H_origination_top_lb3_sl5_rr30,GBPUSD,2,top,5,30,3.0,3,7,0,7,0.0,0.0,-168.7,-24.1,6,0,0.0,0.0,1,0,0.0,0.0,9320.65,-6.8,679.35,6.8
GBPUSD_2H_origination_mid_lb3_sl5_rr30,GBPUSD,2,mid,5,30,3.0,3,37,16,21,43.2,2.49,671.6,18.2,22,8,36.4,1.82,15,8,53.3,3.69,12999.94,30.0,776.42,5.9
GBPUSD_2H_origination_bottom_lb3_sl5_rr30,GBPUSD,2,bottom,5,30,3.0,3,32,13,19,40.6,2.05,100.0,3.1,25,11,44.0,2.36,7,2,28.6,1.2,12132.56,21.3,407.12,4.0
GBPUSD_2H_origination_top_lb3_sl10_rr15,GBPUSD,2,top,10,30,1.5,3,5,2,3,40.0,1.06,4.9,1.0,4,1,25.0,0.55,1,1,100.0,999.0,9996.26,-0.0,199.97,2.0
GBPUSD_2H_origination_mid_lb3_sl10_rr15,GBPUSD,2,mid,10,30,1.5,3,27,19,8,70.4,3.59,522.8,19.4,17,12,70.6,3.57,10,7,70.0,3.63,12245.99,22.5,357.48,3.0
GBPUSD_2H_origination_bottom_lb3_sl10_rr15,GBPUSD,2,bottom,10,30,1.5,3,32,23,9,71.9,3.83,255.0,8.0,25,19,76.0,4.75,7,4,57.1,2.0,12865.77,28.7,246.12,2.0
GBPUSD_2H_origination_top_lb3_sl10_rr20,GBPUSD,2,top,10,30,2.0,3,5,1,4,20.0,0.55,-48.7,-9.7,4,1,25.0,0.74,1,0,0.0,0.0,9798.08,-2.0,394.04,3.9
GBPUSD_2H_origination_mid_lb3_sl10_rr20,GBPUSD,2,mid,10,30,2.0,3,27,17,10,63.0,3.6,636.1,23.6,17,10,58.8,3.0,10,7,70.0,4.84,12665.5,26.7,364.32,3.0
GBPUSD_2H_origination_bottom_lb3_sl10_rr20,GBPUSD,2,bottom,10,30,2.0,3,32,22,10,68.8,4.4,340.0,10.6,25,18,72.0,5.14,7,4,57.1,2.67,13981.56,39.8,262.26,2.0
GBPUSD_2H_origination_top_lb3_sl10_rr25,GBPUSD,2,top,10,30,2.5,3,5,0,5,0.0,0.0,-138.1,-27.6,4,0,0.0,0.0,1,0,0.0,0.0,9509.9,-4.9,490.1,4.9
GBPUSD_2H_origination_mid_lb3_sl10_rr25,GBPUSD,2,mid,10,30,2.5,3,27,11,16,40.7,1.94,362.9,13.4,17,6,35.3,1.56,10,5,50.0,2.66,11174.47,11.7,514.18,4.5
GBPUSD_2H_origination_bottom_lb3_sl10_rr25,GBPUSD,2,bottom,10,30,2.5,3,32,22,10,68.8,5.5,450.0,14.1,25,18,72.0,6.43,7,4,57.1,3.33,15569.58,55.7,286.39,2.0
GBPUSD_2H_origination_top_lb3_sl10_rr30,GBPUSD,2,top,10,30,3.0,3,5,0,5,0.0,0.0,-138.1,-27.6,4,0,0.0,0.0,1,0,0.0,0.0,9509.9,-4.9,490.1,4.9
GBPUSD_2H_origination_mid_lb3_sl10_rr30,GBPUSD,2,mid,10,30,3.0,3,27,8,19,29.6,1.51,231.1,8.6,17,4,23.5,1.14,10,4,40.0,2.18,10469.19,4.7,644.61,5.9
GBPUSD_2H_origination_bottom_lb3_sl10_rr30,GBPUSD,2,bottom,10,30,3.0,3,32,15,17,46.9,2.65,280.0,8.8,25,11,44.0,2.36,7,4,57.1,4.0,13132.78,31.3,479.21,3.9
GBPUSD_2H_origination_top_lb3_sl15_rr15,GBPUSD,2,top,15,30,1.5,3,1,0,1,0.0,0.0,-29.4,-29.4,1,0,0.0,0.0,0,0,0.0,999.0,9900.0,-1.0,100.0,1.0
GBPUSD_2H_origination_mid_lb3_sl15_rr15,GBPUSD,2,mid,15,30,1.5,3,10,5,5,50.0,1.46,61.7,6.2,9,4,44.4,1.14,1,1,100.0,999.0,10245.71,2.5,308.63,3.0
GBPUSD_2H_origination_bottom_lb3_sl15_rr15,GBPUSD,2,bottom,15,30,1.5,3,32,25,7,78.1,5.36,457.5,14.3,25,20,80.0,6.0,7,5,71.4,3.75,13523.76,35.2,228.64,2.0
GBPUSD_2H_origination_top_lb3_sl15_rr20,GBPUSD,2,top,15,30,2.0,3,1,0,1,0.0,0.0,-29.4,-29.4,1,0,0.0,0.0,0,0,0.0,999.0,9900.0,-1.0,100.0,1.0
GBPUSD_2H_origination_mid_lb3_sl15_rr20,GBPUSD,2,mid,15,30,2.0,3,10,1,9,10.0,0.2,-193.0,-19.3,9,1,11.1,0.22,1,0,0.0,0.0,9318.6,-6.8,881.4,8.6
GBPUSD_2H_origination_bottom_lb3_sl15_rr20,GBPUSD,2,bottom,15,30,2.0,3,32,20,12,62.5,3.33,420.0,13.1,25,15,60.0,3.0,7,5,71.4,5.0,13171.21,31.7,347.68,3.0
GBPUSD_2H_origination_top_lb3_sl15_rr25,GBPUSD,2,top,15,30,2.5,3,1,0,1,0.0,0.0,-29.4,-29.4,1,0,0.0,0.0,0,0,0.0,999.0,9900.0,-1.0,100.0,1.0
GBPUSD_2H_origination_mid_lb3_sl15_rr25,GBPUSD,2,mid,15,30,2.5,3,10,0,10,0.0,0.0,-263.8,-26.4,9,0,0.0,0.0,1,0,0.0,0.0,9044.52,-9.6,955.48,9.6
GBPUSD_2H_origination_bottom_lb3_sl15_rr25,GBPUSD,2,bottom,15,30,2.5,3,32,16,16,50.0,2.5,360.0,11.2,25,11,44.0,1.96,7,5,71.4,6.25,12639.94,26.4,409.85,3.9
GBPUSD_2H_origination_top_lb3_sl15_rr30,GBPUSD,2,top,15,30,3.0,3,1,0,1,0.0,0.0,-29.4,-29.4,1,0,0.0,0.0,0,0,0.0,999.0,9900.0,-1.0,100.0,1.0
GBPUSD_2H_origination_mid_lb3_sl15_rr30,GBPUSD,2,mid,15,30,3.0,3,10,0,10,0.0,0.0,-263.8,-26.4,9,0,0.0,0.0,1,0,0.0,0.0,9044.52,-9.6,955.48,9.6
GBPUSD_2H_origination_bottom_lb3_sl15_rr30,GBPUSD,2,bottom,15,30,3.0,3,32,13,19,40.6,2.05,300.0,9.4,25,9,36.0,1.69,7,4,57.1,4.0,12132.56,21.3,494.76,4.9
GBPUSD_2H_origination_top_lb5_sl5_rr15,GBPUSD,2,top,5,30,1.5,5,3,1,2,33.3,0.65,-18.4,-6.1,2,0,0.0,0.0,1,1,100.0,999.0,9948.01,-0.5,201.99,2.0
GBPUSD_2H_origination_mid_lb5_sl5_rr15,GBPUSD,2,mid,5,30,1.5,5,32,23,9,71.9,3.69,575.9,18.0,16,12,75.0,3.99,16,11,68.8,3.45,12866.95,28.7,246.8,2.0
GBPUSD_2H_origination_bottom_lb5_sl5_rr15,GBPUSD,2,bottom,5,30,1.5,5,32,15,17,46.9,1.32,27.5,0.9,24,12,50.0,1.5,8,3,37.5,0.9,10538.75,5.4,592.23,5.9
GBPUSD_2H_origination_top_lb5_sl5_rr20,GBPUSD,2,top,5,30,2.0,5,3,0,3,0.0,0.0,-74.4,-24.8,2,0,0.0,0.0,1,0,0.0,0.0,9702.99,-3.0,297.01,3.0
GBPUSD_2H_origination_mid_lb5_sl5_rr20,GBPUSD,2,mid,5,30,2.0,5,32,19,13,59.4,3.0,591.6,18.5,16,9,56.2,2.48,16,10,62.5,3.59,12785.9,27.9,308.69,3.0
GBPUSD_2H_origination_bottom_lb5_sl5_rr20,GBPUSD,2,bottom,5,30,2.0,5,32,15,17,46.9,1.76,65.0,2.0,24,12,50.0,2.0,8,3,37.5,1.2,11344.91,13.4,500.48,5.0
GBPUSD_2H_origination_top_lb5_sl5_rr25,GBPUSD,2,top,5,30,2.5,5,3,0,3,0.0,0.0,-74.4,-24.8,2,0,0.0,0.0,1,0,0.0,0.0,9702.99,-3.0,297.01,3.0
GBPUSD_2H_origination_mid_lb5_sl5_rr25,GBPUSD,2,mid,5,30,2.5,5,32,19,13,59.4,3.75,813.8,25.4,16,9,56.2,3.1,16,10,62.5,4.49,14032.93,40.3,311.74,3.0
GBPUSD_2H_origination_bottom_lb5_sl5_rr25,GBPUSD,2,bottom,5,30,2.5,5,32,15,17,46.9,2.21,102.5,3.2,24,12,50.0,2.5,8,3,37.5,1.5,12208.33,22.1,457.09,4.5
GBPUSD_2H_origination_top_lb5_sl5_rr30,GBPUSD,2,top,5,30,3.0,5,3,0,3,0.0,0.0,-74.4,-24.8,2,0,0.0,0.0,1,0,0.0,0.0,9702.99,-3.0,297.01,3.0
GBPUSD_2H_origination_mid_lb5_sl5_rr30,GBPUSD,2,mid,5,30,3.0,5,32,15,17,46.9,2.77,682.4,21.3,16,6,37.5,1.77,16,9,56.2,4.16,13138.48,31.4,361.09,3.0
GBPUSD_2H_origination_bottom_lb5_sl5_rr30,GBPUSD,2,bottom,5,30,3.0,5,32,15,17,46.9,2.65,140.0,4.4,24,12,50.0,3.0,8,3,37.5,1.8,13132.78,31.3,415.39,4.0
GBPUSD_2H_origination_top_lb5_sl10_rr15,GBPUSD,2,top,10,30,1.5,5,2,1,1,50.0,1.4,11.8,5.9,1,0,0.0,0.0,1,1,100.0,999.0,10048.5,0.5,101.5,1.0
GBPUSD_2H_origination_mid_lb5_sl10_rr15,GBPUSD,2,mid,10,30,1.5,5,22,16,6,72.7,4.26,488.0,22.2,12,9,75.0,4.98,10,7,70.0,3.63,11949.06,19.5,228.14,2.0
GBPUSD_2H_origination_bottom_lb5_sl10_rr15,GBPUSD,2,bottom,10,30,1.5,5,32,24,8,75.0,4.5,280.0,8.8,24,19,79.2,5.7,8,5,62.5,2.5,13190.66,31.9,248.61,2.0
GBPUSD_2H_origination_top_lb5_sl10_rr20,GBPUSD,2,top,10,30,2.0,5,2,0,2,0.0,0.0,-56.7,-28.4,1,0,0.0,0.0,1,0,0.0,0.0,9801.0,-2.0,199.0,2.0
GBPUSD_2H_origination_mid_lb5_sl10_rr20,GBPUSD,2,mid,10,30,2.0,5,22,15,7,68.2,4.66,632.1,28.7,12,8,66.7,4.51,10,7,70.0,4.84,12546.24,25.5,234.88,2.0
GBPUSD_2H_origination_bottom_lb5_sl10_rr20,GBPUSD,2,bottom,10,30,2.0,5,32,23,9,71.9,5.11,370.0,11.6,24,18,75.0,6.0,8,5,62.5,3.33,14405.25,44.1,264.91,2.0
GBPUSD_2H_origination_top_lb5_sl10_rr25,GBPUSD,2,top,10,30,2.5,5,2,0,2,0.0,0.0,-56.7,-28.4,1,0,0.0,0.0,1,0,0.0,0.0,9801.0,-2.0,199.0,2.0
GBPUSD_2H_origination_mid_lb5_sl10_rr25,GBPUSD,2,mid,10,30,2.5,5,22,10,12,45.5,2.35,400.2,18.2,12,5,41.7,2.1,10,5,50.0,2.66,11349.08,13.5,334.0,3.0
GBPUSD_2H_origination_bottom_lb5_sl10_rr25,GBPUSD,2,bottom,10,30,2.5,5,32,22,10,68.8,5.5,450.0,14.1,24,17,70.8,6.07,8,5,62.5,4.17,15569.58,55.7,279.41,2.0
GBPUSD_2H_origination_top_lb5_sl10_rr30,GBPUSD,2,top,10,30,3.0,5,2,0,2,0.0,0.0,-56.7,-28.4,1,0,0.0,0.0,1,0,0.0,0.0,9801.0,-2.0,199.0,2.0
GBPUSD_2H_origination_mid_lb5_sl10_rr30,GBPUSD,2,mid,10,30,3.0,5,22,8,14,36.4,1.95,332.5,15.1,12,4,33.3,1.76,10,4,40.0,2.18,11008.68,10.1,530.24,4.9
GBPUSD_2H_origination_bottom_lb5_sl10_rr30,GBPUSD,2,bottom,10,30,3.0,5,32,16,16,50.0,3.0,320.0,10.0,24,11,45.8,2.54,8,5,62.5,5.0,13663.4,36.6,469.95,3.9
GBPUSD_2H_origination_mid_lb5_sl15_rr15,GBPUSD,2,mid,15,30,1.5,5,6,3,3,50.0,1.56,45.6,7.6,5,2,40.0,1.03,1,1,100.0,999.0,10146.67,1.5,202.98,2.0
GBPUSD_2H_origination_bottom_lb5_sl15_rr15,GBPUSD,2,bottom,15,30,1.5,5,32,26,6,81.2,6.5,495.0,15.5,24,20,83.3,7.5,8,6,75.0,4.5,13865.27,38.7,227.53,2.0
GBPUSD_2H_origination_mid_lb5_sl15_rr20,GBPUSD,2,mid,15,30,2.0,5,6,0,6,0.0,0.0,-165.4,-27.6,5,0,0.0,0.0,1,0,0.0,0.0,9415.19,-5.8,584.81,5.8
GBPUSD_2H_origination_bottom_lb5_sl15_rr20,GBPUSD,2,bottom,15,30,2.0,5,32,21,11,65.6,3.82,465.0,14.5,24,15,62.5,3.33,8,6,75.0,6.0,13570.34,35.7,270.13,2.0
GBPUSD_2H_origination_mid_lb5_sl15_rr25,GBPUSD,2,mid,15,30,2.5,5,6,0,6,0.0,0.0,-165.4,-27.6,5,0,0.0,0.0,1,0,0.0,0.0,9415.19,-5.8,584.81,5.8
GBPUSD_2H_origination_bottom_lb5_sl15_rr25,GBPUSD,2,bottom,15,30,2.5,5,32,17,15,53.1,2.83,412.5,12.9,24,11,45.8,2.12,8,6,75.0,7.5,13086.8,30.9,400.59,3.0
GBPUSD_2H_origination_mid_lb5_sl15_rr30,GBPUSD,2,mid,15,30,3.0,5,6,0,6,0.0,0.0,-165.4,-27.6,5,0,0.0,0.0,1,0,0.0,0.0,9415.19,-5.8,584.81,5.8
GBPUSD_2H_origination_bottom_lb5_sl15_rr30,GBPUSD,2,bottom,15,30,3.0,5,32,15,17,46.9,2.65,420.0,13.1,24,10,41.7,2.14,8,5,62.5,5.0,13132.78,31.3,402.0,3.0
GBPUSD_2H_origination_top_lb10_sl5_rr15,GBPUSD,2,top,5,30,1.5,10,7,4,3,57.1,1.76,61.1,8.7,4,2,50.0,1.34,3,2,66.7,2.54,10298.16,3.0,199.96,2.0
GBPUSD_2H_origination_mid_lb10_sl5_rr15,GBPUSD,2,mid,5,30,1.5,10,37,26,11,70.3,3.67,641.2,17.3,16,12,75.0,4.43,21,14,66.7,3.23,13187.04,31.9,375.36,3.0
GBPUSD_2H_origination_bottom_lb10_sl5_rr15,GBPUSD,2,bottom,5,30,1.5,10,33,15,18,45.5,1.25,22.5,0.7,20,11,55.0,1.83,13,4,30.8,0.67,10433.36,4.3,513.33,4.9
GBPUSD_2H_origination_top_lb10_sl5_rr20,GBPUSD,2,top,5,30,2.0,10,7,3,4,42.9,1.5,50.1,7.2,4,1,25.0,0.75,3,2,66.7,3.39,10193.92,1.9,200.95,2.0
GBPUSD_2H_origination_mid_lb10_sl5_rr20,GBPUSD,2,mid,5,30,2.0,10,37,23,14,62.2,3.28,715.2,19.3,16,10,62.5,3.27,21,13,61.9,3.29,13701.53,37.0,520.38,3.9
GBPUSD_2H_origination_bottom_lb10_sl5_rr20,GBPUSD,2,bottom,5,30,2.0,10,33,15,18,45.5,1.67,60.0,1.8,20,11,55.0,2.44,13,4,30.8,0.89,11231.46,12.3,529.87,4.9
GBPUSD_2H_origination_top_lb10_sl5_rr25,GBPUSD,2,top,5,30,2.5,10,7,3,4,42.9,1.88,87.6,12.5,4,1,25.0,0.94,3,2,66.7,4.24,10344.8,3.4,201.93,2.0
GBPUSD_2H_origination_mid_lb10_sl5_rr25,GBPUSD,2,mid,5,30,2.5,10,37,21,16,56.8,3.27,814.7,22.0,16,9,56.2,3.23,21,12,57.1,3.3,14304.55,43.0,532.74,3.9
GBPUSD_2H_origination_bottom_lb10_sl5_rr25,GBPUSD,2,bottom,5,30,2.5,10,33,15,18,45.5,2.08,97.5,3.0,20,11,55.0,3.06,13,4,30.8,1.11,12086.25,20.9,551.01,4.9
GBPUSD_2H_origination_top_lb10_sl5_rr30,GBPUSD,2,top,5,30,3.0,10,7,3,4,42.9,2.25,125.0,17.9,4,1,25.0,1.13,3,2,66.7,5.09,10496.69,5.0,202.92,2.0
GBPUSD_2H_origination_mid_lb10_sl5_rr30,GBPUSD,2,mid,5,30,3.0,10,37,17,20,45.9,2.55,693.7,18.7,16,6,37.5,1.8,21,11,52.4,3.24,13524.34,35.2,520.2,4.9
GBPUSD_2H_origination_bottom_lb10_sl5_rr30,GBPUSD,2,bottom,5,30,3.0,10,33,14,19,42.4,2.21,115.0,3.5,20,10,50.0,3.0,13,4,30.8,1.33,12496.54,25.0,684.04,5.9
GBPUSD_2H_origination_top_lb10_sl10_rr15,GBPUSD,2,top,10,30,1.5,10,3,1,2,33.3,0.73,-14.3,-4.8,2,0,0.0,0.0,1,1,100.0,999.0,9947.83,-0.5,100.48,1.0
GBPUSD_2H_origination_mid_lb10_sl10_rr15,GBPUSD,2,mid,10,30,1.5,10,25,19,6,76.0,5.28,587.1,23.5,12,10,83.3,10.38,13,9,69.2,3.41,12495.1,25.0,122.51,1.0
GBPUSD_2H_origination_bottom_lb10_sl10_rr15,GBPUSD,2,bottom,10,30,1.5,10,33,24,9,72.7,4.0,270.0,8.2,20,16,80.0,6.0,13,8,61.5,2.4,13058.75,30.6,351.43,3.0
GBPUSD_2H_origination_top_lb10_sl10_rr20,GBPUSD,2,top,10,30,2.0,10,3,1,2,33.3,0.98,-1.1,-0.4,2,0,0.0,0.0,1,1,100.0,999.0,9997.02,-0.0,100.98,1.0
GBPUSD_2H_origination_mid_lb10_sl10_rr20,GBPUSD,2,mid,10,30,2.0,10,25,18,7,72.0,5.66,754.7,30.2,12,9,75.0,7.49,13,9,69.2,4.54,13313.2,33.1,207.46,2.0
GBPUSD_2H_origination_bottom_lb10_sl10_rr20,GBPUSD,2,bottom,10,30,2.0,10,33,22,11,66.7,4.0,330.0,10.0,20,15,75.0,6.0,13,7,53.8,2.33,13841.75,38.4,365.38,3.0
GBPUSD_2H_origination_top_lb10_sl10_rr25,GBPUSD,2,top,10,30,2.5,10,3,1,2,33.3,1.22,12.0,4.0,2,0,0.0,0.0,1,1,100.0,999.0,10045.84,0.5,101.47,1.0
GBPUSD_2H_origination_mid_lb10_sl10_rr25,GBPUSD,2,mid,10,30,2.5,10,25,14,11,56.0,3.42,633.4,25.3,12,7,58.3,4.19,13,7,53.8,2.86,12653.4,26.5,382.22,3.0
GBPUSD_2H_origination_bottom_lb10_sl10_rr25,GBPUSD,2,bottom,10,30,2.5,10,33,20,13,60.6,3.85,370.0,11.2,20,13,65.0,4.64,13,7,53.8,2.92,14379.2,43.8,620.56,4.9
GBPUSD_2H_origination_top_lb10_sl10_rr30,GBPUSD,2,top,10,30,3.0,10,3,1,2,33.3,1.47,25.2,8.4,2,0,0.0,0.0,1,1,100.0,999.0,10095.03,1.0,101.97,1.0
GBPUSD_2H_origination_mid_lb10_sl10_rr30,GBPUSD,2,mid,10,30,3.0,10,25,12,13,48.0,2.93,605.6,24.2,12,6,50.0,3.49,13,6,46.2,2.51,12516.0,25.2,376.23,3.0
GBPUSD_2H_origination_bottom_lb10_sl10_rr30,GBPUSD,2,bottom,10,30,3.0,10,33,17,16,51.5,3.19,350.0,10.6,20,10,50.0,3.0,13,7,53.8,3.5,14073.3,40.7,632.32,4.9
GBPUSD_2H_origination_top_lb10_sl15_rr15,GBPUSD,2,top,15,30,1.5,10,1,0,1,0.0,0.0,-29.4,-29.4,1,0,0.0,0.0,0,0,0.0,999.0,9900.0,-1.0,100.0,1.0
GBPUSD_2H_origination_mid_lb10_sl15_rr15,GBPUSD,2,mid,15,30,1.5,10,12,7,5,58.3,2.12,149.1,12.4,6,3,50.0,1.59,6,4,66.7,2.86,10553.77,5.5,198.6,2.0
GBPUSD_2H_origination_bottom_lb10_sl15_rr15,GBPUSD,2,bottom,15,30,1.5,10,33,23,10,69.7,3.45,367.5,11.1,20,16,80.0,6.0,13,7,53.8,1.75,12737.11,27.4,351.43,3.0
GBPUSD_2H_origination_top_lb10_sl15_rr20,GBPUSD,2,top,15,30,2.0,10,1,0,1,0.0,0.0,-29.4,-29.4,1,0,0.0,0.0,0,0,0.0,999.0,9900.0,-1.0,100.0,1.0
GBPUSD_2H_origination_mid_lb10_sl15_rr20,GBPUSD,2,mid,15,30,2.0,10,12,5,7,41.7,1.41,77.6,6.5,6,2,33.3,1.06,6,3,50.0,1.84,10290.35,2.9,208.94,2.0
GBPUSD_2H_origination_bottom_lb10_sl15_rr20,GBPUSD,2,bottom,15,30,2.0,10,33,19,14,57.6,2.71,360.0,10.9,20,12,60.0,3.0,13,7,53.8,2.33,12655.99,26.6,585.19,4.9
GBPUSD_2H_origination_top_lb10_sl15_rr25,GBPUSD,2,top,15,30,2.5,10,1,0,1,0.0,0.0,-29.4,-29.4,1,0,0.0,0.0,0,0,0.0,999.0,9900.0,-1.0,100.0,1.0
GBPUSD_2H_origination_mid_lb10_sl15_rr25,GBPUSD,2,mid,15,30,2.5,10,12,5,7,41.7,1.77,143.7,12.0,6,2,33.3,1.32,6,3,50.0,2.3,10543.84,5.4,214.08,2.0
GBPUSD_2H_origination_bottom_lb10_sl15_rr25,GBPUSD,2,bottom,15,30,2.5,10,33,17,16,51.5,2.66,397.5,12.0,20,10,50.0,2.5,13,7,53.8,2.92,12955.94,29.6,599.37,4.9
GBPUSD_2H_origination_top_lb10_sl15_rr30,GBPUSD,2,top,15,30,3.0,10,1,0,1,0.0,0.0,-29.4,-29.4,1,0,0.0,0.0,0,0,0.0,999.0,9900.0,-1.0,100.0,1.0
GBPUSD_2H_origination_mid_lb10_sl15_rr30,GBPUSD,2,mid,15,30,3.0,10,12,4,8,33.3,1.45,96.5,8.0,6,1,16.7,0.59,6,3,50.0,2.76,10383.96,3.8,299.82,3.0
GBPUSD_2H_origination_bottom_lb10_sl15_rr30,GBPUSD,2,bottom,15,30,3.0,10,33,15,18,45.5,2.5,405.0,12.3,20,9,45.0,2.45,13,6,46.2,2.57,13001.45,30.0,607.77,4.9
