pair,tf,filter,sl_buffer,rr,entry,trades,wins,losses,win_rate,profit_factor,total_pips,net_return,max_dd,avg_zone_age,wt_trades,wt_wr,wt_pf,wt_pips,ct_trades,ct_wr,ct_pf,ct_pips,bars,csv
AUDCAD,2H,none,10,1.5,bottom,42,30,12,71.4,3.37,429.2,38.5,2.0,27.9,33,78.8,4.87,424.2,9,44.4,1.07,5.0,19283,PEPPERSTONE_AUDCAD__120.csv
AUDCAD,2H,origination,10,1.5,bottom,46,37,9,80.4,5.46,616.0,58.5,2.0,30.0,46,80.4,5.46,616.0,0,0.0,999.0,0.0,19283,PEPPERSTONE_AUDCAD__120.csv
AUDCAD,2H,none,10,1.8,bottom,42,26,16,61.9,2.75,406.1,35.4,2.0,27.9,33,66.7,3.39,385.9,9,44.4,1.28,20.2,19283,PEPPERSTONE_AUDCAD__120.csv
AUDCAD,2H,origination,10,1.8,bottom,46,31,15,67.4,3.57,552.3,49.5,2.0,30.0,46,67.4,3.57,552.3,0,0.0,999.0,0.0,19283,PEPPERSTONE_AUDCAD__120.csv
AUDCAD,2H,none,10,2.0,bottom,42,24,18,57.1,2.65,417.1,34.2,3.0,27.9,33,60.6,3.13,386.7,9,44.4,1.43,30.4,19283,PEPPERSTONE_AUDCAD__120.csv
AUDCAD,2H,origination,10,2.0,bottom,46,29,17,63.0,3.46,577.4,49.7,3.0,30.0,46,63.0,3.46,577.4,0,0.0,999.0,0.0,19283,PEPPERSTONE_AUDCAD__120.csv
AUDCAD,2H,none,15,1.5,bottom,42,27,15,64.3,2.73,488.5,28.6,2.5,27.9,33,69.7,3.56,478.6,9,44.4,1.1,9.9,19283,PEPPERSTONE_AUDCAD__120.csv
AUDCAD,2H,origination,15,1.5,bottom,46,33,13,71.7,3.83,693.4,43.5,3.0,30.0,46,71.7,3.83,693.4,0,0.0,999.0,0.0,19283,PEPPERSTONE_AUDCAD__120.csv
AUDCAD,2H,none,15,1.8,bottom,42,19,23,45.2,1.49,215.1,11.4,5.9,27.9,33,45.5,1.54,183.9,9,44.4,1.32,31.2,19283,PEPPERSTONE_AUDCAD__120.csv
AUDCAD,2H,origination,15,1.8,bottom,46,22,24,47.8,1.74,327.3,16.4,4.9,30.0,46,47.8,1.74,327.3,0,0.0,999.0,0.0,19283,PEPPERSTONE_AUDCAD__120.csv
AUDCAD,2H,none,15,2.0,bottom,42,17,25,40.5,1.35,166.5,8.9,8.7,27.9,33,39.4,1.32,121.1,9,44.4,1.47,45.4,19283,PEPPERSTONE_AUDCAD__120.csv
AUDCAD,2H,origination,15,2.0,bottom,46,18,28,39.1,1.32,168.7,7.8,6.9,30.0,46,39.1,1.32,168.7,0,0.0,999.0,0.0,19283,PEPPERSTONE_AUDCAD__120.csv
AUDCAD,2H,none,20,1.5,bottom,40,18,22,45.0,1.21,109.6,4.8,6.8,24.8,31,45.2,1.24,94.6,9,44.4,1.12,15.0,19283,PEPPERSTONE_AUDCAD__120.csv
AUDCAD,2H,origination,20,1.5,bottom,41,19,22,46.3,1.28,143.4,6.4,4.9,28.3,41,46.3,1.28,143.4,0,0.0,999.0,0.0,19283,PEPPERSTONE_AUDCAD__120.csv
AUDCAD,2H,none,20,1.8,bottom,40,15,25,37.5,1.12,68.2,1.7,10.5,24.8,31,35.5,1.06,26.0,9,44.4,1.35,42.2,19283,PEPPERSTONE_AUDCAD__120.csv
AUDCAD,2H,origination,20,1.8,bottom,41,16,25,39.0,1.19,106.2,3.5,8.6,28.3,41,39.0,1.19,106.2,0,0.0,999.0,0.0,19283,PEPPERSTONE_AUDCAD__120.csv
AUDCAD,2H,none,20,2.0,bottom,40,13,27,32.5,1.03,20.5,,12.3,24.8,31,32.3,1.04,20.1,9,33.3,1.0,0.4,19283,PEPPERSTONE_AUDCAD__120.csv
AUDCAD,2H,origination,20,2.0,bottom,41,15,26,36.6,1.21,121.3,3.6,9.6,28.3,41,36.6,1.21,121.3,0,0.0,999.0,0.0,19283,PEPPERSTONE_AUDCAD__120.csv
AUDCAD,4H,none,10,1.5,bottom,38,27,11,71.1,3.48,453.5,33.8,3.0,73.9,29,75.9,5.19,412.1,9,55.6,1.49,41.4,9748,PEPPERSTONE_AUDCAD__240.csv
AUDCAD,4H,origination,10,1.5,bottom,31,23,8,74.2,4.52,424.7,29.9,2.0,82.5,31,74.2,4.52,424.7,0,0.0,999.0,0.0,9748,PEPPERSTONE_AUDCAD__240.csv
AUDCAD,4H,none,10,1.8,bottom,38,26,12,68.4,3.53,518.9,40.9,3.0,73.9,29,72.4,4.76,452.3,9,55.6,1.79,66.6,9748,PEPPERSTONE_AUDCAD__240.csv
AUDCAD,4H,origination,10,1.8,bottom,31,22,9,71.0,4.31,471.9,35.2,2.0,82.5,31,71.0,4.31,471.9,0,0.0,999.0,0.0,9748,PEPPERSTONE_AUDCAD__240.csv
AUDCAD,4H,none,10,2.0,bottom,38,23,15,60.5,2.63,427.2,35.6,3.0,73.9,29,65.5,3.56,403.5,9,44.4,1.23,23.7,9748,PEPPERSTONE_AUDCAD__240.csv
AUDCAD,4H,origination,10,2.0,bottom,31,20,11,64.5,3.38,427.8,33.0,2.0,82.5,31,64.5,3.38,427.8,0,0.0,999.0,0.0,9748,PEPPERSTONE_AUDCAD__240.csv
AUDCAD,4H,none,15,1.5,bottom,38,24,14,63.2,2.46,440.4,24.2,3.0,73.9,29,65.5,2.93,381.5,9,55.6,1.56,58.9,9748,PEPPERSTONE_AUDCAD__240.csv
AUDCAD,4H,origination,15,1.5,bottom,31,20,11,64.5,2.76,396.6,20.6,2.0,82.5,31,64.5,2.76,396.6,0,0.0,999.0,0.0,9748,PEPPERSTONE_AUDCAD__240.csv
AUDCAD,4H,none,15,1.8,bottom,38,22,16,57.9,2.27,448.2,26.1,3.0,73.9,29,62.1,2.91,426.3,9,44.4,1.17,21.9,9748,PEPPERSTONE_AUDCAD__240.csv
AUDCAD,4H,origination,15,1.8,bottom,31,19,12,61.3,2.8,449.9,24.4,2.0,82.5,31,61.3,2.8,449.9,0,0.0,999.0,0.0,9748,PEPPERSTONE_AUDCAD__240.csv
AUDCAD,4H,none,15,2.0,bottom,38,20,18,52.6,2.17,447.1,24.0,3.9,73.9,29,55.2,2.61,408.4,9,44.4,1.3,38.7,9748,PEPPERSTONE_AUDCAD__240.csv
AUDCAD,4H,origination,15,2.0,bottom,31,17,14,54.8,2.56,437.6,21.6,3.0,82.5,31,54.8,2.56,437.6,0,0.0,999.0,0.0,9748,PEPPERSTONE_AUDCAD__240.csv
AUDCAD,4H,none,20,1.5,bottom,38,23,15,60.5,2.15,467.6,21.1,3.0,73.9,29,65.5,2.86,466.0,9,44.4,1.01,1.6,9748,PEPPERSTONE_AUDCAD__240.csv
AUDCAD,4H,origination,20,1.5,bottom,31,20,11,64.5,2.71,483.6,20.6,2.0,82.5,31,64.5,2.71,483.6,0,0.0,999.0,0.0,9748,PEPPERSTONE_AUDCAD__240.csv
AUDCAD,4H,none,20,1.8,bottom,38,21,17,55.3,2.19,530.2,22.6,3.0,73.9,29,58.6,2.71,497.3,9,44.4,1.21,32.9,9748,PEPPERSTONE_AUDCAD__240.csv
AUDCAD,4H,origination,20,1.8,bottom,31,18,13,58.1,2.63,524.9,21.0,2.0,82.5,31,58.1,2.63,524.9,0,0.0,999.0,0.0,9748,PEPPERSTONE_AUDCAD__240.csv
AUDCAD,4H,none,20,2.0,bottom,38,19,19,50.0,2.07,518.7,20.4,3.9,73.9,29,51.7,2.41,465.0,9,44.4,1.35,53.7,9748,PEPPERSTONE_AUDCAD__240.csv
AUDCAD,4H,origination,20,2.0,bottom,31,16,15,51.6,2.38,499.3,18.1,3.0,82.5,31,51.6,2.38,499.3,0,0.0,999.0,0.0,9748,PEPPERSTONE_AUDCAD__240.csv
AUDCAD,1H,none,10,1.5,bottom,34,23,11,67.6,2.85,268.1,26.1,3.9,161.1,28,67.9,2.82,218.0,6,66.7,3.01,50.1,21646,PEPPERSTONE_AUDCAD__60.csv
AUDCAD,1H,origination,10,1.5,bottom,33,23,10,69.7,3.01,268.7,27.4,3.0,178.1,33,69.7,3.01,268.7,0,0.0,999.0,0.0,21646,PEPPERSTONE_AUDCAD__60.csv
AUDCAD,1H,none,10,1.8,bottom,34,21,13,61.8,2.66,281.7,27.6,5.9,161.1,28,64.3,2.82,244.6,6,50.0,2.06,37.1,21646,PEPPERSTONE_AUDCAD__60.csv
AUDCAD,1H,origination,10,1.8,bottom,33,22,11,66.7,3.07,308.2,32.6,3.9,178.1,33,66.7,3.07,308.2,0,0.0,999.0,0.0,21646,PEPPERSTONE_AUDCAD__60.csv
AUDCAD,1H,none,10,2.0,bottom,34,19,15,55.9,2.35,260.1,25.3,5.9,161.1,28,57.1,2.36,215.0,6,50.0,2.29,45.1,21646,PEPPERSTONE_AUDCAD__60.csv
AUDCAD,1H,origination,10,2.0,bottom,33,19,14,57.6,2.41,257.3,26.6,3.9,178.1,33,57.6,2.41,257.3,0,0.0,999.0,0.0,21646,PEPPERSTONE_AUDCAD__60.csv
AUDCAD,1H,none,15,1.5,bottom,27,13,14,48.1,1.3,71.7,5.4,4.9,90.6,22,50.0,1.37,70.2,5,40.0,1.03,1.5,21646,PEPPERSTONE_AUDCAD__60.csv
AUDCAD,1H,origination,15,1.5,bottom,27,14,13,51.9,1.48,108.3,8.1,3.0,105.7,27,51.9,1.48,108.3,0,0.0,999.0,0.0,21646,PEPPERSTONE_AUDCAD__60.csv
AUDCAD,1H,none,15,1.8,bottom,27,11,16,40.7,1.14,38.3,3.6,5.1,90.6,22,45.5,1.39,80.5,,,,,21646,PEPPERSTONE_AUDCAD__60.csv
AUDCAD,1H,origination,15,1.8,bottom,27,13,14,48.1,1.55,133.1,9.6,3.9,105.7,27,48.1,1.55,133.1,0,0.0,999.0,0.0,21646,PEPPERSTONE_AUDCAD__60.csv
AUDCAD,1H,none,15,2.0,bottom,27,8,19,29.6,0.81,,,9.7,90.6,,,,,,,,,21646,PEPPERSTONE_AUDCAD__60.csv
AUDCAD,1H,origination,15,2.0,bottom,27,9,18,33.3,0.98,,,7.8,105.7,,,,,0,0.0,999.0,0.0,21646,PEPPERSTONE_AUDCAD__60.csv
AUDCAD,1H,none,20,1.5,bottom,,,,,,,,,,,,,,,,,,21646,PEPPERSTONE_AUDCAD__60.csv
AUDCAD,1H,origination,20,1.5,bottom,,,,,,,,,,,,,,,,,,21646,PEPPERSTONE_AUDCAD__60.csv
AUDCAD,1H,none,20,1.8,bottom,,,,,,,,,,,,,,,,,,21646,PEPPERSTONE_AUDCAD__60.csv
AUDCAD,1H,origination,20,1.8,bottom,,,,,,,,,,,,,,,,,,21646,PEPPERSTONE_AUDCAD__60.csv
AUDCAD,1H,none,20,2.0,bottom,,,,,,,,,,,,,,,,,,21646,PEPPERSTONE_AUDCAD__60.csv
AUDCAD,1H,origination,20,2.0,bottom,,,,,,,,,,,,,,,,,,21646,PEPPERSTONE_AUDCAD__60.csv
AUDNZD,2H,none,10,1.5,bottom,39,29,10,74.4,4.49,485.4,39.3,3.0,29.5,31,71.0,3.68,345.3,8,87.5,15.01,140.1,19354,PEPPERSTONE_AUDNZD__120.csv
AUDNZD,2H,origination,10,1.5,bottom,43,31,12,72.1,3.73,475.5,40.7,3.9,67.1,43,72.1,3.73,475.5,0,0.0,999.0,0.0,19354,PEPPERSTONE_AUDNZD__120.csv
AUDNZD,2H,none,10,1.8,bottom,39,21,18,53.8,2.27,311.7,21.4,3.0,29.5,31,48.4,1.75,169.6,8,75.0,8.1,142.1,19354,PEPPERSTONE_AUDNZD__120.csv
AUDNZD,2H,origination,10,1.8,bottom,43,23,20,53.5,2.0,287.4,23.3,3.9,67.1,43,53.5,2.0,287.4,0,0.0,999.0,0.0,19354,PEPPERSTONE_AUDNZD__120.csv
AUDNZD,2H,none,10,2.0,bottom,39,20,19,51.3,2.34,343.4,22.8,3.0,29.5,31,45.2,1.78,183.3,8,75.0,9.0,160.1,19354,PEPPERSTONE_AUDNZD__120.csv
AUDNZD,2H,origination,10,2.0,bottom,43,21,22,48.8,1.87,273.1,21.5,3.9,67.1,43,48.8,1.87,273.1,0,0.0,999.0,0.0,19354,PEPPERSTONE_AUDNZD__120.csv
AUDNZD,2H,none,15,1.5,bottom,39,22,17,56.4,2.01,324.0,17.0,3.0,29.5,31,48.4,1.45,136.4,8,87.5,13.51,187.6,19354,PEPPERSTONE_AUDNZD__120.csv
AUDNZD,2H,origination,15,1.5,bottom,43,22,21,51.2,1.52,211.8,12.3,3.9,67.1,43,51.2,1.52,211.8,0,0.0,999.0,0.0,19354,PEPPERSTONE_AUDNZD__120.csv
AUDNZD,2H,none,15,1.8,bottom,39,22,17,56.4,2.41,452.7,24.8,3.0,29.5,31,48.4,1.74,224.6,8,87.5,16.21,228.1,19354,PEPPERSTONE_AUDNZD__120.csv
AUDNZD,2H,origination,15,1.8,bottom,43,20,23,46.5,1.53,235.6,13.4,3.9,67.1,43,46.5,1.53,235.6,0,0.0,999.0,0.0,19354,PEPPERSTONE_AUDNZD__120.csv
AUDNZD,2H,none,15,2.0,bottom,39,18,21,46.2,1.68,278.3,15.7,6.8,29.5,31,38.7,1.23,86.6,8,75.0,6.3,191.7,19354,PEPPERSTONE_AUDNZD__120.csv
AUDNZD,2H,origination,15,2.0,bottom,43,17,26,39.5,1.22,114.3,7.8,5.9,67.1,43,39.5,1.22,114.3,0,0.0,999.0,0.0,19354,PEPPERSTONE_AUDNZD__120.csv
AUDNZD,2H,none,20,1.5,bottom,35,19,16,54.3,1.78,296.7,13.0,3.0,26.1,27,44.4,1.17,61.5,8,87.5,12.76,235.2,19354,PEPPERSTONE_AUDNZD__120.csv
AUDNZD,2H,origination,20,1.5,bottom,39,17,22,43.6,1.09,50.0,3.2,4.4,67.9,39,43.6,1.09,50.0,0,0.0,999.0,0.0,19354,PEPPERSTONE_AUDNZD__120.csv
AUDNZD,2H,none,20,1.8,bottom,35,15,20,42.9,1.31,148.9,6.9,5.1,26.1,27,37.0,1.03,13.7,8,62.5,2.83,135.2,19354,PEPPERSTONE_AUDNZD__120.csv
AUDNZD,2H,origination,20,1.8,bottom,39,14,25,35.9,0.96,,,6.5,67.9,,,,,0,0.0,999.0,0.0,19354,PEPPERSTONE_AUDNZD__120.csv
AUDNZD,2H,none,20,2.0,bottom,35,14,21,40.0,1.28,142.6,6.8,5.0,26.1,,,,,8,62.5,3.14,158.4,19354,PEPPERSTONE_AUDNZD__120.csv
AUDNZD,2H,origination,20,2.0,bottom,39,13,26,33.3,0.95,,,6.0,67.9,,,,,0,0.0,999.0,0.0,19354,PEPPERSTONE_AUDNZD__120.csv
AUDNZD,4H,none,10,1.5,bottom,35,27,8,77.1,5.53,482.8,37.9,2.0,115.9,31,77.4,5.46,431.2,4,75.0,6.16,51.6,9794,PEPPERSTONE_AUDNZD__240.csv
AUDNZD,4H,origination,10,1.5,bottom,32,25,7,78.1,5.62,446.2,35.2,2.0,127.4,32,78.1,5.62,446.2,0,0.0,999.0,0.0,9794,PEPPERSTONE_AUDNZD__240.csv
AUDNZD,4H,none,10,1.8,bottom,35,26,9,74.3,5.42,550.6,45.3,2.0,115.9,31,74.2,5.25,486.6,4,75.0,7.4,64.0,9794,PEPPERSTONE_AUDNZD__240.csv
AUDNZD,4H,origination,10,1.8,bottom,32,24,8,75.0,5.4,504.6,41.6,2.0,127.4,32,75.0,5.4,504.6,0,0.0,999.0,0.0,9794,PEPPERSTONE_AUDNZD__240.csv
AUDNZD,4H,none,10,2.0,bottom,35,23,12,65.7,4.46,535.5,39.8,2.0,115.9,31,64.5,4.2,463.3,4,75.0,8.22,72.2,9794,PEPPERSTONE_AUDNZD__240.csv
AUDNZD,4H,origination,10,2.0,bottom,32,20,12,62.5,3.93,453.3,31.7,3.0,127.4,32,62.5,3.93,453.3,0,0.0,999.0,0.0,9794,PEPPERSTONE_AUDNZD__240.csv
AUDNZD,4H,none,15,1.5,bottom,35,21,14,60.0,2.64,400.4,18.8,4.9,115.9,31,61.3,2.72,368.8,4,50.0,2.05,31.6,9794,PEPPERSTONE_AUDNZD__240.csv
AUDNZD,4H,origination,15,1.5,bottom,32,19,13,59.4,2.54,353.8,16.4,4.9,127.4,32,59.4,2.54,353.8,0,0.0,999.0,0.0,9794,PEPPERSTONE_AUDNZD__240.csv
AUDNZD,4H,none,15,1.8,bottom,35,19,16,54.3,2.23,370.3,19.5,5.1,115.9,31,58.1,2.63,399.4,,,,,9794,PEPPERSTONE_AUDNZD__240.csv
AUDNZD,4H,origination,15,1.8,bottom,32,18,14,56.2,2.48,384.4,19.8,5.1,127.4,32,56.2,2.48,384.4,0,0.0,999.0,0.0,9794,PEPPERSTONE_AUDNZD__240.csv
AUDNZD,4H,none,15,2.0,bottom,35,18,17,51.4,2.26,399.8,20.4,4.9,115.9,31,54.8,2.64,425.9,,,,,9794,PEPPERSTONE_AUDNZD__240.csv
AUDNZD,4H,origination,15,2.0,bottom,32,17,15,53.1,2.49,410.9,20.4,4.9,127.4,32,53.1,2.49,410.9,0,0.0,999.0,0.0,9794,PEPPERSTONE_AUDNZD__240.csv
AUDNZD,4H,none,20,1.5,bottom,35,21,14,60.0,2.41,460.3,18.8,3.0,115.9,31,64.5,2.97,501.4,,,,,9794,PEPPERSTONE_AUDNZD__240.csv
AUDNZD,4H,origination,20,1.5,bottom,32,20,12,62.5,2.75,481.4,19.4,3.0,127.4,32,62.5,2.75,481.4,0,0.0,999.0,0.0,9794,PEPPERSTONE_AUDNZD__240.csv
AUDNZD,4H,none,20,1.8,bottom,35,20,15,57.1,2.43,517.3,22.9,3.0,115.9,31,61.3,2.9,552.4,,,,,9794,PEPPERSTONE_AUDNZD__240.csv
AUDNZD,4H,origination,20,1.8,bottom,32,19,13,59.4,2.72,532.4,23.2,3.0,127.4,32,59.4,2.72,532.4,0,0.0,999.0,0.0,9794,PEPPERSTONE_AUDNZD__240.csv
AUDNZD,4H,none,20,2.0,bottom,35,18,17,51.4,2.12,460.6,20.4,3.9,115.9,31,54.8,2.44,491.7,,,,,9794,PEPPERSTONE_AUDNZD__240.csv
AUDNZD,4H,origination,20,2.0,bottom,32,17,15,53.1,2.3,471.7,20.4,3.0,127.4,32,53.1,2.3,471.7,0,0.0,999.0,0.0,9794,PEPPERSTONE_AUDNZD__240.csv
AUDNZD,1H,none,10,1.5,bottom,41,29,12,70.7,3.38,363.8,36.5,3.0,102.8,29,75.9,4.35,310.7,12,58.3,1.88,53.1,21646,PEPPERSTONE_AUDNZD__60.csv
AUDNZD,1H,origination,10,1.5,bottom,41,26,15,63.4,2.35,271.1,26.6,6.4,118.5,41,63.4,2.35,271.1,0,0.0,999.0,0.0,21646,PEPPERSTONE_AUDNZD__60.csv
AUDNZD,1H,none,10,1.8,bottom,41,27,14,65.9,3.38,411.2,40.6,3.0,102.8,29,69.0,3.98,335.5,12,58.3,2.26,75.7,21646,PEPPERSTONE_AUDNZD__60.csv
AUDNZD,1H,origination,10,1.8,bottom,41,24,17,58.5,2.4,309.7,29.3,6.1,118.5,41,58.5,2.4,309.7,0,0.0,999.0,0.0,21646,PEPPERSTONE_AUDNZD__60.csv
AUDNZD,1H,none,10,2.0,bottom,41,26,15,63.4,3.35,437.5,43.9,3.9,102.8,29,65.5,3.76,346.6,12,58.3,2.51,90.9,21646,PEPPERSTONE_AUDNZD__60.csv
AUDNZD,1H,origination,10,2.0,bottom,41,23,18,56.1,2.41,330.0,31.6,6.8,118.5,41,56.1,2.41,330.0,0,0.0,999.0,0.0,21646,PEPPERSTONE_AUDNZD__60.csv
AUDNZD,1H,none,15,1.5,bottom,30,20,10,66.7,2.94,312.3,21.8,3.0,105.9,22,63.6,2.58,207.3,8,75.0,4.5,105.0,21646,PEPPERSTONE_AUDNZD__60.csv
AUDNZD,1H,origination,15,1.5,bottom,30,18,12,60.0,2.22,238.6,15.9,4.9,112.2,30,60.0,2.22,238.6,0,0.0,999.0,0.0,21646,PEPPERSTONE_AUDNZD__60.csv
AUDNZD,1H,none,15,1.8,bottom,30,17,13,56.7,2.3,272.6,18.8,3.0,105.9,22,59.1,2.51,224.6,8,50.0,1.8,48.0,21646,PEPPERSTONE_AUDNZD__60.csv
AUDNZD,1H,origination,15,1.8,bottom,30,17,13,56.7,2.29,275.1,18.8,4.9,112.2,30,56.7,2.29,275.1,0,0.0,999.0,0.0,21646,PEPPERSTONE_AUDNZD__60.csv
AUDNZD,1H,none,15,2.0,bottom,30,16,14,53.3,2.25,281.1,19.3,4.0,105.9,22,54.5,2.35,221.1,8,50.0,2.0,60.0,21646,PEPPERSTONE_AUDNZD__60.csv
AUDNZD,1H,origination,15,2.0,bottom,30,16,14,53.3,2.24,284.5,19.2,5.9,112.2,30,53.3,2.24,284.5,0,0.0,999.0,0.0,21646,PEPPERSTONE_AUDNZD__60.csv
AUDNZD,1H,none,20,1.5,bottom,,,,,,,,,,,,,,,,,,21646,PEPPERSTONE_AUDNZD__60.csv
AUDNZD,1H,origination,20,1.5,bottom,,,,,,,,,,,,,,,,,,21646,PEPPERSTONE_AUDNZD__60.csv
AUDNZD,1H,none,20,1.8,bottom,,,,,,,,,,,,,,,,,,21646,PEPPERSTONE_AUDNZD__60.csv
AUDNZD,1H,origination,20,1.8,bottom,,,,,,,,,,,,,,,,,,21646,PEPPERSTONE_AUDNZD__60.csv
AUDNZD,1H,none,20,2.0,bottom,,,,,,,,,,,,,,,,,,21646,PEPPERSTONE_AUDNZD__60.csv
AUDNZD,1H,origination,20,2.0,bottom,,,,,,,,,,,,,,,,,,21646,PEPPERSTONE_AUDNZD__60.csv
AUDUSD,2H,none,10,1.5,bottom,46,33,13,71.7,2.85,381.4,43.4,3.0,179.6,39,71.8,3.06,331.9,7,71.4,2.1,49.5,20129,PEPPERSTONE_AUDUSD__120.csv
AUDUSD,2H,origination,10,1.5,bottom,43,31,12,72.1,3.04,369.3,40.6,3.0,194.2,43,72.1,3.04,369.3,0,0.0,999.0,0.0,20129,PEPPERSTONE_AUDUSD__120.csv
AUDUSD,2H,none,10,1.8,bottom,46,30,16,65.2,2.49,372.9,45.4,5.1,179.6,39,64.1,2.48,304.5,7,71.4,2.53,68.4,20129,PEPPERSTONE_AUDUSD__120.csv
AUDUSD,2H,origination,10,1.8,bottom,43,28,15,65.1,2.57,353.3,41.7,4.2,194.2,43,65.1,2.57,353.3,0,0.0,999.0,0.0,20129,PEPPERSTONE_AUDUSD__120.csv
AUDUSD,2H,none,10,2.0,bottom,46,29,17,63.0,2.58,412.1,49.7,4.9,179.6,39,61.5,2.53,331.1,7,71.4,2.81,81.0,20129,PEPPERSTONE_AUDUSD__120.csv
AUDUSD,2H,origination,10,2.0,bottom,43,27,16,62.8,2.64,387.5,45.3,4.0,194.2,43,62.8,2.64,387.5,0,0.0,999.0,0.0,20129,PEPPERSTONE_AUDUSD__120.csv
AUDUSD,2H,none,15,1.5,bottom,46,26,20,56.5,1.74,283.0,20.5,5.4,179.6,39,56.4,1.78,243.5,7,57.1,1.57,39.5,20129,PEPPERSTONE_AUDUSD__120.csv
AUDUSD,2H,origination,15,1.5,bottom,43,25,18,58.1,1.88,298.4,21.1,3.5,194.2,43,58.1,1.88,298.4,0,0.0,999.0,0.0,20129,PEPPERSTONE_AUDUSD__120.csv
AUDUSD,2H,none,15,1.8,bottom,46,26,20,56.5,2.09,416.3,30.1,5.1,179.6,39,56.4,2.13,354.9,7,57.1,1.88,61.4,20129,PEPPERSTONE_AUDUSD__120.csv
AUDUSD,2H,origination,15,1.8,bottom,43,25,18,58.1,2.26,425.7,30.4,3.2,194.2,43,58.1,2.26,425.7,0,0.0,999.0,0.0,20129,PEPPERSTONE_AUDUSD__120.csv
AUDUSD,2H,none,15,2.0,bottom,46,25,21,54.3,2.16,460.0,32.9,4.9,179.6,39,53.8,2.17,384.0,7,57.1,2.09,76.0,20129,PEPPERSTONE_AUDUSD__120.csv
AUDUSD,2H,origination,15,2.0,bottom,43,23,20,53.5,2.14,420.4,29.0,3.9,194.2,43,53.5,2.14,420.4,0,0.0,999.0,0.0,20129,PEPPERSTONE_AUDUSD__120.csv
AUDUSD,2H,none,20,1.5,bottom,42,26,16,61.9,2.41,510.4,25.4,3.9,190.1,37,59.5,2.15,391.0,5,80.0,6.97,119.4,20129,PEPPERSTONE_AUDUSD__120.csv
AUDUSD,2H,origination,20,1.5,bottom,41,24,17,58.5,2.06,413.4,20.5,3.9,198.0,41,58.5,2.06,413.4,0,0.0,999.0,0.0,20129,PEPPERSTONE_AUDUSD__120.csv
AUDUSD,2H,none,20,1.8,bottom,41,20,21,48.8,1.67,317.3,15.7,6.8,194.7,36,44.4,1.37,170.1,5,80.0,8.36,147.2,20129,PEPPERSTONE_AUDUSD__120.csv
AUDUSD,2H,origination,20,1.8,bottom,40,17,23,42.5,1.29,150.9,7.5,6.8,202.9,40,42.5,1.29,150.9,0,0.0,999.0,0.0,20129,PEPPERSTONE_AUDUSD__120.csv
AUDUSD,2H,none,20,2.0,bottom,41,13,28,31.7,0.94,,,11.4,194.7,,,,,5,60.0,3.65,105.8,20129,PEPPERSTONE_AUDUSD__120.csv
AUDUSD,2H,origination,20,2.0,bottom,40,11,29,27.5,0.76,,,11.5,202.9,,,,,0,0.0,999.0,0.0,20129,PEPPERSTONE_AUDUSD__120.csv
AUDUSD,4H,none,10,1.5,bottom,35,25,10,71.4,2.99,329.9,31.2,2.0,119.7,26,65.4,2.16,180.0,9,88.9,15.99,149.9,12229,PEPPERSTONE_AUDUSD__240.csv
AUDUSD,4H,origination,10,1.5,bottom,32,20,12,62.5,1.88,187.4,19.4,2.0,164.6,32,62.5,1.88,187.4,0,0.0,999.0,0.0,12229,PEPPERSTONE_AUDUSD__240.csv
AUDUSD,4H,none,10,1.8,bottom,35,24,11,68.6,3.07,380.1,37.4,2.0,119.7,26,65.4,2.59,247.2,9,77.8,5.85,132.9,12229,PEPPERSTONE_AUDUSD__240.csv
AUDUSD,4H,origination,10,1.8,bottom,32,20,12,62.5,2.26,267.3,26.6,2.0,164.6,32,62.5,2.26,267.3,0,0.0,999.0,0.0,12229,PEPPERSTONE_AUDUSD__240.csv
AUDUSD,4H,none,10,2.0,bottom,35,24,11,68.6,3.42,442.8,44.0,2.0,119.7,26,65.4,2.87,292.0,9,77.8,6.5,150.8,12229,PEPPERSTONE_AUDUSD__240.csv
AUDUSD,4H,origination,10,2.0,bottom,32,20,12,62.5,2.51,320.6,31.7,2.0,164.6,32,62.5,2.51,320.6,0,0.0,999.0,0.0,12229,PEPPERSTONE_AUDUSD__240.csv
AUDUSD,4H,none,15,1.5,bottom,35,26,9,74.3,3.34,486.2,34.5,2.0,119.7,26,69.2,2.61,300.0,9,88.9,9.31,186.2,12229,PEPPERSTONE_AUDUSD__240.csv
AUDUSD,4H,origination,15,1.5,bottom,32,22,10,68.8,2.68,384.6,25.5,2.0,164.6,32,68.8,2.68,384.6,0,0.0,999.0,0.0,12229,PEPPERSTONE_AUDUSD__240.csv
AUDUSD,4H,none,15,1.8,bottom,35,24,11,68.6,3.27,541.1,37.4,2.0,119.7,26,65.4,2.77,355.2,9,77.8,5.97,185.9,12229,PEPPERSTONE_AUDUSD__240.csv
AUDUSD,4H,origination,15,1.8,bottom,32,20,12,62.5,2.42,387.3,26.6,2.0,164.6,32,62.5,2.42,387.3,0,0.0,999.0,0.0,12229,PEPPERSTONE_AUDUSD__240.csv
AUDUSD,4H,none,15,2.0,bottom,35,19,16,54.3,1.98,329.8,24.0,3.9,119.7,26,53.8,1.88,230.9,9,55.6,2.32,98.9,12229,PEPPERSTONE_AUDUSD__240.csv
AUDUSD,4H,origination,15,2.0,bottom,32,17,15,53.1,1.82,274.5,20.4,3.9,164.6,32,53.1,1.82,274.5,0,0.0,999.0,0.0,12229,PEPPERSTONE_AUDUSD__240.csv
AUDUSD,4H,none,20,1.5,bottom,35,25,10,71.4,3.69,657.7,31.2,3.0,119.7,26,73.1,3.91,516.4,9,66.7,3.1,141.3,12229,PEPPERSTONE_AUDUSD__240.csv
AUDUSD,4H,origination,20,1.5,bottom,32,22,10,68.8,3.05,538.8,25.5,3.0,164.6,32,68.8,3.05,538.8,0,0.0,999.0,0.0,12229,PEPPERSTONE_AUDUSD__240.csv
AUDUSD,4H,none,20,1.8,bottom,35,20,15,57.1,2.33,490.1,22.9,3.0,119.7,26,57.7,2.4,383.6,9,55.6,2.12,106.5,12229,PEPPERSTONE_AUDUSD__240.csv
AUDUSD,4H,origination,20,1.8,bottom,32,18,14,56.2,2.19,427.7,19.8,3.0,164.6,32,56.2,2.19,427.7,0,0.0,999.0,0.0,12229,PEPPERSTONE_AUDUSD__240.csv
AUDUSD,4H,none,20,2.0,bottom,35,19,16,54.3,2.35,525.6,24.0,3.9,119.7,26,57.7,2.66,456.7,9,44.4,1.6,68.9,12229,PEPPERSTONE_AUDUSD__240.csv
AUDUSD,4H,origination,20,2.0,bottom,32,17,15,53.1,2.2,455.3,20.4,3.0,164.6,32,53.1,2.2,455.3,0,0.0,999.0,0.0,12229,PEPPERSTONE_AUDUSD__240.csv
AUDUSD,1H,none,10,1.5,bottom,36,23,13,63.9,2.28,224.6,23.6,2.0,82.5,30,66.7,2.6,214.7,6,50.0,1.24,9.9,21565,PEPPERSTONE_AUDUSD__60.csv
AUDUSD,1H,origination,10,1.5,bottom,32,22,10,68.8,2.83,244.7,25.5,2.5,72.1,32,68.8,2.83,244.7,0,0.0,999.0,0.0,21565,PEPPERSTONE_AUDUSD__60.csv
AUDUSD,1H,none,10,1.8,bottom,36,19,17,52.8,1.6,139.9,18.3,3.9,82.5,30,53.3,1.62,119.6,6,50.0,1.48,20.3,21565,PEPPERSTONE_AUDUSD__60.csv
AUDUSD,1H,origination,10,1.8,bottom,32,18,14,56.2,1.81,155.6,19.8,4.9,72.1,32,56.2,1.81,155.6,0,0.0,999.0,0.0,21565,PEPPERSTONE_AUDUSD__60.csv
AUDUSD,1H,none,10,2.0,bottom,36,18,18,50.0,1.62,151.5,19.2,4.0,82.5,30,50.0,1.61,124.3,6,50.0,1.65,27.2,21565,PEPPERSTONE_AUDUSD__60.csv
AUDUSD,1H,origination,10,2.0,bottom,32,17,15,53.1,1.81,164.3,20.4,5.9,72.1,32,53.1,1.81,164.3,0,0.0,999.0,0.0,21565,PEPPERSTONE_AUDUSD__60.csv
AUDUSD,1H,none,15,1.5,bottom,24,16,8,66.7,3.04,264.2,17.1,2.0,50.3,19,68.4,3.37,224.5,5,60.0,2.14,39.7,21565,PEPPERSTONE_AUDUSD__60.csv
AUDUSD,1H,origination,15,1.5,bottom,21,15,6,71.4,3.84,269.5,17.7,2.0,26.8,21,71.4,3.84,269.5,0,0.0,999.0,0.0,21565,PEPPERSTONE_AUDUSD__60.csv
AUDUSD,1H,none,15,1.8,bottom,24,16,8,66.7,3.65,343.0,22.8,2.0,50.3,19,68.4,4.04,288.4,5,60.0,2.57,54.6,21565,PEPPERSTONE_AUDUSD__60.csv
AUDUSD,1H,origination,15,1.8,bottom,21,15,6,71.4,4.61,342.4,23.0,2.0,26.8,21,71.4,4.61,342.4,0,0.0,999.0,0.0,21565,PEPPERSTONE_AUDUSD__60.csv
AUDUSD,1H,none,15,2.0,bottom,24,14,10,58.3,2.78,292.3,19.3,3.0,50.3,19,63.2,3.39,272.8,5,40.0,1.39,19.5,21565,PEPPERSTONE_AUDUSD__60.csv
AUDUSD,1H,origination,15,2.0,bottom,21,13,8,61.9,3.23,287.8,19.4,2.0,26.8,21,61.9,3.23,287.8,0,0.0,999.0,0.0,21565,PEPPERSTONE_AUDUSD__60.csv
AUDUSD,1H,none,20,1.5,bottom,,,,,,,,,,,,,,,,,,21565,PEPPERSTONE_AUDUSD__60.csv
AUDUSD,1H,origination,20,1.5,bottom,,,,,,,,,,,,,,,,,,21565,PEPPERSTONE_AUDUSD__60.csv
AUDUSD,1H,none,20,1.8,bottom,,,,,,,,,,,,,,,,,,21565,PEPPERSTONE_AUDUSD__60.csv
AUDUSD,1H,origination,20,1.8,bottom,,,,,,,,,,,,,,,,,,21565,PEPPERSTONE_AUDUSD__60.csv
AUDUSD,1H,none,20,2.0,bottom,,,,,,,,,,,,,,,,,,21565,PEPPERSTONE_AUDUSD__60.csv
AUDUSD,1H,origination,20,2.0,bottom,,,,,,,,,,,,,,,,,,21565,PEPPERSTONE_AUDUSD__60.csv
EURUSD,2H,none,10,1.5,bottom,33,23,10,69.7,3.14,320.0,27.4,4.4,75.5,27,66.7,3.06,257.8,6,83.3,3.54,62.2,18949,PEPPERSTONE_EURUSD__120.csv
EURUSD,2H,origination,10,1.5,bottom,34,23,11,67.6,3.03,312.5,26.1,4.9,68.5,34,67.6,3.03,312.5,0,0.0,999.0,0.0,18949,PEPPERSTONE_EURUSD__120.csv
EURUSD,2H,none,10,1.8,bottom,33,21,12,63.6,2.74,319.1,28.9,7.9,75.5,27,63.0,3.05,289.5,6,66.7,1.7,29.6,18949,PEPPERSTONE_EURUSD__120.csv
EURUSD,2H,origination,10,1.8,bottom,34,22,12,64.7,3.12,361.0,31.3,6.1,68.5,34,64.7,3.12,361.0,0,0.0,999.0,0.0,18949,PEPPERSTONE_EURUSD__120.csv
EURUSD,2H,none,10,2.0,bottom,33,20,13,60.6,2.78,344.8,30.4,7.8,75.5,27,59.3,3.03,307.2,6,66.7,1.89,37.6,18949,PEPPERSTONE_EURUSD__120.csv
EURUSD,2H,origination,10,2.0,bottom,34,21,13,61.8,3.16,389.8,33.0,5.9,68.5,34,61.8,3.16,389.8,0,0.0,999.0,0.0,18949,PEPPERSTONE_EURUSD__120.csv
EURUSD,2H,none,15,1.5,bottom,32,22,10,68.8,2.67,357.8,25.5,4.4,77.7,26,69.2,2.98,320.2,6,66.7,1.72,37.6,18949,PEPPERSTONE_EURUSD__120.csv
EURUSD,2H,origination,15,1.5,bottom,33,25,8,75.8,4.09,499.4,33.9,2.5,70.4,33,75.8,4.09,499.4,0,0.0,999.0,0.0,18949,PEPPERSTONE_EURUSD__120.csv
EURUSD,2H,none,15,1.8,bottom,32,16,16,50.0,1.48,157.8,13.3,4.2,77.7,26,53.8,1.76,186.2,,,,,18949,PEPPERSTONE_EURUSD__120.csv
EURUSD,2H,origination,15,1.8,bottom,33,20,13,60.6,2.25,334.7,25.4,3.0,70.4,33,60.6,2.25,334.7,0,0.0,999.0,0.0,18949,PEPPERSTONE_EURUSD__120.csv
EURUSD,2H,none,15,2.0,bottom,32,13,19,40.6,1.21,76.6,6.9,4.9,77.7,26,46.2,1.53,144.0,,,,,18949,PEPPERSTONE_EURUSD__120.csv
EURUSD,2H,origination,15,2.0,bottom,33,18,15,54.5,2.05,311.6,22.8,4.0,70.4,33,54.5,2.05,311.6,0,0.0,999.0,0.0,18949,PEPPERSTONE_EURUSD__120.csv
EURUSD,2H,none,20,1.5,bottom,28,15,13,53.6,1.67,202.2,9.7,3.5,82.9,23,56.5,1.78,190.5,5,40.0,1.2,11.7,18949,PEPPERSTONE_EURUSD__120.csv
EURUSD,2H,origination,20,1.5,bottom,30,19,11,63.3,2.29,350.2,18.8,2.5,72.2,30,63.3,2.29,350.2,0,0.0,999.0,0.0,18949,PEPPERSTONE_EURUSD__120.csv
EURUSD,2H,none,20,1.8,bottom,28,13,15,46.4,1.56,191.2,8.5,3.2,82.9,23,47.8,1.58,165.1,5,40.0,1.43,26.1,18949,PEPPERSTONE_EURUSD__120.csv
EURUSD,2H,origination,20,1.8,bottom,30,14,16,46.7,1.47,178.6,9.3,2.2,72.2,30,46.7,1.47,178.6,0,0.0,999.0,0.0,18949,PEPPERSTONE_EURUSD__120.csv
EURUSD,2H,none,20,2.0,bottom,28,13,15,46.4,1.73,250.6,11.3,3.0,82.9,23,47.8,1.76,214.9,5,40.0,1.6,35.7,18949,PEPPERSTONE_EURUSD__120.csv
EURUSD,2H,origination,20,2.0,bottom,30,14,16,46.7,1.64,240.4,12.4,2.0,72.2,30,46.7,1.64,240.4,0,0.0,999.0,0.0,18949,PEPPERSTONE_EURUSD__120.csv
EURUSD,4H,none,10,1.5,bottom,36,24,12,66.7,3.04,361.3,26.7,2.0,41.6,30,73.3,4.44,393.7,,,,,10645,PEPPERSTONE_EURUSD__240.csv
EURUSD,4H,origination,10,1.5,bottom,37,28,9,75.7,5.26,529.7,38.6,2.0,81.6,37,75.7,5.26,529.7,0,0.0,999.0,0.0,10645,PEPPERSTONE_EURUSD__240.csv
EURUSD,4H,none,10,1.8,bottom,36,22,14,61.1,2.61,351.7,28.6,3.0,41.6,30,66.7,3.42,378.1,,,,,10645,PEPPERSTONE_EURUSD__240.csv
EURUSD,4H,origination,10,1.8,bottom,37,26,11,70.3,4.27,543.3,42.4,2.0,81.6,37,70.3,4.27,543.3,0,0.0,999.0,0.0,10645,PEPPERSTONE_EURUSD__240.csv
EURUSD,4H,none,10,2.0,bottom,36,18,18,50.0,1.6,178.7,19.2,4.9,41.6,30,53.3,1.86,201.1,,,,,10645,PEPPERSTONE_EURUSD__240.csv
EURUSD,4H,origination,10,2.0,bottom,37,22,15,59.5,2.57,385.7,33.0,3.0,81.6,37,59.5,2.57,385.7,0,0.0,999.0,0.0,10645,PEPPERSTONE_EURUSD__240.csv
EURUSD,4H,none,15,1.5,bottom,36,21,15,58.3,2.02,311.0,17.6,3.5,41.6,30,63.3,2.56,348.4,,,,,10645,PEPPERSTONE_EURUSD__240.csv
EURUSD,4H,origination,15,1.5,bottom,37,25,12,67.6,3.21,524.4,28.6,2.0,81.6,37,67.6,3.21,524.4,0,0.0,999.0,0.0,10645,PEPPERSTONE_EURUSD__240.csv
EURUSD,4H,none,15,1.8,bottom,36,18,18,50.0,1.52,202.9,15.1,5.1,41.6,30,53.3,1.76,231.3,,,,,10645,PEPPERSTONE_EURUSD__240.csv
EURUSD,4H,origination,15,1.8,bottom,37,22,15,59.5,2.39,445.5,27.4,3.2,81.6,37,59.5,2.39,445.5,0,0.0,999.0,0.0,10645,PEPPERSTONE_EURUSD__240.csv
EURUSD,4H,none,15,2.0,bottom,36,17,19,47.2,1.47,195.5,15.7,7.7,41.6,30,50.0,1.66,217.9,,,,,10645,PEPPERSTONE_EURUSD__240.csv
EURUSD,4H,origination,15,2.0,bottom,37,21,16,56.8,2.33,457.5,29.1,5.8,81.6,37,56.8,2.33,457.5,0,0.0,999.0,0.0,10645,PEPPERSTONE_EURUSD__240.csv
EURUSD,4H,none,20,1.5,bottom,36,21,15,58.3,1.85,339.9,17.6,4.4,41.6,30,60.0,2.04,332.3,6,50.0,1.09,7.6,10645,PEPPERSTONE_EURUSD__240.csv
EURUSD,4H,origination,20,1.5,bottom,37,24,13,64.9,2.62,548.3,25.5,3.5,81.6,37,64.9,2.62,548.3,0,0.0,999.0,0.0,10645,PEPPERSTONE_EURUSD__240.csv
EURUSD,4H,none,20,1.8,bottom,36,18,18,50.0,1.62,293.7,15.1,6.8,41.6,30,50.0,1.69,268.1,6,50.0,1.31,25.6,10645,PEPPERSTONE_EURUSD__240.csv
EURUSD,4H,origination,20,1.8,bottom,37,21,16,56.8,2.3,531.3,23.8,5.8,81.6,37,56.8,2.3,531.3,0,0.0,999.0,0.0,10645,PEPPERSTONE_EURUSD__240.csv
EURUSD,4H,none,20,2.0,bottom,36,16,20,44.4,1.51,258.8,12.3,6.8,41.6,30,43.3,1.52,221.2,6,50.0,1.46,37.6,10645,PEPPERSTONE_EURUSD__240.csv
EURUSD,4H,origination,20,2.0,bottom,37,18,19,48.6,1.97,455.8,18.0,5.8,81.6,37,48.6,1.97,455.8,0,0.0,999.0,0.0,10645,PEPPERSTONE_EURUSD__240.csv
EURUSD,1H,none,10,1.5,bottom,35,29,6,82.9,7.22,441.4,45.0,2.0,81.0,29,82.8,7.04,368.6,6,83.3,8.28,72.8,21445,PEPPERSTONE_EURUSD__60.csv
EURUSD,1H,origination,10,1.5,bottom,36,30,6,83.3,6.86,450.9,47.2,2.0,123.3,36,83.3,6.86,450.9,0,0.0,999.0,0.0,21445,PEPPERSTONE_EURUSD__60.csv
EURUSD,1H,none,10,1.8,bottom,35,26,9,74.3,4.82,428.7,45.3,2.0,81.0,29,72.4,4.32,339.3,6,83.3,9.94,89.4,21445,PEPPERSTONE_EURUSD__60.csv
EURUSD,1H,origination,10,1.8,bottom,36,27,9,75.0,4.74,441.2,47.9,2.0,123.3,36,75.0,4.74,441.2,0,0.0,999.0,0.0,21445,PEPPERSTONE_EURUSD__60.csv
EURUSD,1H,none,10,2.0,bottom,35,24,11,68.6,4.25,428.8,44.0,2.0,81.0,29,69.0,4.2,358.4,6,66.7,4.52,70.4,21445,PEPPERSTONE_EURUSD__60.csv
EURUSD,1H,origination,10,2.0,bottom,36,25,11,69.4,3.97,426.8,46.9,3.0,123.3,36,69.4,3.97,426.8,0,0.0,999.0,0.0,21445,PEPPERSTONE_EURUSD__60.csv
EURUSD,1H,none,15,1.5,bottom,23,16,7,69.6,3.49,261.0,18.3,2.5,112.3,18,72.2,3.98,223.5,5,60.0,2.25,37.5,21445,PEPPERSTONE_EURUSD__60.csv
EURUSD,1H,origination,15,1.5,bottom,23,18,5,78.3,5.48,336.0,24.3,3.0,178.7,23,78.3,5.48,336.0,0,0.0,999.0,0.0,21445,PEPPERSTONE_EURUSD__60.csv
EURUSD,1H,none,15,1.8,bottom,23,14,9,60.9,2.85,250.2,17.3,4.9,112.3,18,66.7,3.68,241.2,5,40.0,1.2,9.0,21445,PEPPERSTONE_EURUSD__60.csv
EURUSD,1H,origination,15,1.8,bottom,23,16,7,69.6,4.18,334.2,24.0,3.0,178.7,23,69.6,4.18,334.2,0,0.0,999.0,0.0,21445,PEPPERSTONE_EURUSD__60.csv
EURUSD,1H,none,15,2.0,bottom,23,13,10,56.5,2.65,248.0,17.0,6.8,112.3,18,61.1,3.22,233.0,5,40.0,1.33,15.0,21445,PEPPERSTONE_EURUSD__60.csv
EURUSD,1H,origination,15,2.0,bottom,23,15,8,65.2,3.82,338.0,24.2,3.9,178.7,23,65.2,3.82,338.0,0,0.0,999.0,0.0,21445,PEPPERSTONE_EURUSD__60.csv
EURUSD,1H,none,20,1.5,bottom,,,,,,,,,,,,,,,,,,21445,PEPPERSTONE_EURUSD__60.csv
EURUSD,1H,origination,20,1.5,bottom,,,,,,,,,,,,,,,,,,21445,PEPPERSTONE_EURUSD__60.csv
EURUSD,1H,none,20,1.8,bottom,,,,,,,,,,,,,,,,,,21445,PEPPERSTONE_EURUSD__60.csv
EURUSD,1H,origination,20,1.8,bottom,,,,,,,,,,,,,,,,,,21445,PEPPERSTONE_EURUSD__60.csv
EURUSD,1H,none,20,2.0,bottom,,,,,,,,,,,,,,,,,,21445,PEPPERSTONE_EURUSD__60.csv
EURUSD,1H,origination,20,2.0,bottom,,,,,,,,,,,,,,,,,,21445,PEPPERSTONE_EURUSD__60.csv
GBPUSD,2H,none,10,1.5,bottom,40,28,12,70.0,3.35,429.8,34.5,2.0,95.6,32,62.5,2.26,230.1,8,100.0,999.0,199.7,15863,PEPPERSTONE_GBPUSD__120.csv
GBPUSD,2H,origination,10,1.5,bottom,37,24,13,64.9,2.63,313.4,25.4,3.0,103.3,37,64.9,2.63,313.4,0,0.0,999.0,0.0,15863,PEPPERSTONE_GBPUSD__120.csv
GBPUSD,2H,none,10,1.8,bottom,40,24,16,60.0,2.75,409.9,30.6,3.0,95.6,32,50.0,1.73,170.4,8,100.0,999.0,239.5,15863,PEPPERSTONE_GBPUSD__120.csv
GBPUSD,2H,origination,10,1.8,bottom,37,19,18,51.4,1.85,222.5,17.1,4.4,103.3,37,51.4,1.85,222.5,0,0.0,999.0,0.0,15863,PEPPERSTONE_GBPUSD__120.csv
GBPUSD,2H,none,10,2.0,bottom,40,24,16,60.0,3.06,481.5,37.0,3.0,95.6,32,50.0,1.92,215.4,8,100.0,999.0,266.1,15863,PEPPERSTONE_GBPUSD__120.csv
GBPUSD,2H,origination,10,2.0,bottom,37,19,18,51.4,2.06,276.4,21.6,3.9,103.3,37,51.4,2.06,276.4,0,0.0,999.0,0.0,15863,PEPPERSTONE_GBPUSD__120.csv
GBPUSD,2H,none,15,1.5,bottom,40,26,14,65.0,2.68,477.7,27.9,2.0,95.6,32,59.4,1.95,255.5,8,87.5,15.81,222.2,15863,PEPPERSTONE_GBPUSD__120.csv
GBPUSD,2H,origination,15,1.5,bottom,37,22,15,59.5,2.0,306.8,19.3,3.0,103.3,37,59.5,2.0,306.8,0,0.0,999.0,0.0,15863,PEPPERSTONE_GBPUSD__120.csv
GBPUSD,2H,none,15,1.8,bottom,40,26,14,65.0,3.22,629.9,38.1,2.0,95.6,32,59.4,2.34,360.4,8,87.5,18.97,269.5,15863,PEPPERSTONE_GBPUSD__120.csv
GBPUSD,2H,origination,15,1.8,bottom,37,22,15,59.5,2.4,429.5,27.3,3.0,103.3,37,59.5,2.4,429.5,0,0.0,999.0,0.0,15863,PEPPERSTONE_GBPUSD__120.csv
GBPUSD,2H,none,15,2.0,bottom,40,24,16,60.0,3.05,641.7,36.9,2.0,95.6,32,53.1,2.14,340.5,8,87.5,21.08,301.2,15863,PEPPERSTONE_GBPUSD__120.csv
GBPUSD,2H,origination,15,2.0,bottom,37,20,17,54.1,2.25,421.5,25.2,3.9,103.3,37,54.1,2.25,421.5,0,0.0,999.0,0.0,15863,PEPPERSTONE_GBPUSD__120.csv
GBPUSD,2H,none,20,1.5,bottom,29,18,11,62.1,2.45,358.5,17.0,3.0,90.2,25,60.0,2.15,261.6,4,75.0,5.85,96.9,15863,PEPPERSTONE_GBPUSD__120.csv
GBPUSD,2H,origination,20,1.5,bottom,30,18,12,60.0,2.18,325.4,15.9,3.0,88.1,30,60.0,2.18,325.4,0,0.0,999.0,0.0,15863,PEPPERSTONE_GBPUSD__120.csv
GBPUSD,2H,none,20,1.8,bottom,29,16,13,55.2,2.28,367.7,16.7,3.2,90.2,25,52.0,1.93,247.5,4,75.0,7.01,120.2,15863,PEPPERSTONE_GBPUSD__120.csv
GBPUSD,2H,origination,20,1.8,bottom,30,16,14,53.3,2.06,333.6,15.6,4.2,88.1,30,53.3,2.06,333.6,0,0.0,999.0,0.0,15863,PEPPERSTONE_GBPUSD__120.csv
GBPUSD,2H,none,20,2.0,bottom,29,14,15,48.3,1.98,320.6,13.5,5.9,90.2,25,44.0,1.6,184.8,4,75.0,7.79,135.8,15863,PEPPERSTONE_GBPUSD__120.csv
GBPUSD,2H,origination,20,2.0,bottom,30,13,17,43.3,1.54,206.6,9.0,6.8,88.1,30,43.3,1.54,206.6,0,0.0,999.0,0.0,15863,PEPPERSTONE_GBPUSD__120.csv
GBPUSD,4H,none,10,1.5,bottom,32,21,11,65.6,3.5,441.3,22.4,3.0,76.2,30,66.7,3.63,436.3,2,50.0,1.5,5.0,8793,PEPPERSTONE_GBPUSD__240.csv
GBPUSD,4H,origination,10,1.5,bottom,37,24,13,64.9,3.62,514.5,25.4,2.0,73.5,37,64.9,3.62,514.5,0,0.0,999.0,0.0,8793,PEPPERSTONE_GBPUSD__240.csv
GBPUSD,4H,none,10,1.8,bottom,32,16,16,50.0,1.73,219.1,13.3,7.4,76.2,30,50.0,1.73,211.1,2,50.0,1.8,8.0,8793,PEPPERSTONE_GBPUSD__240.csv
GBPUSD,4H,origination,10,1.8,bottom,37,19,18,51.4,1.97,311.0,17.1,6.5,73.5,37,51.4,1.97,311.0,0,0.0,999.0,0.0,8793,PEPPERSTONE_GBPUSD__240.csv
GBPUSD,4H,none,10,2.0,bottom,32,16,16,50.0,1.92,276.6,16.9,6.9,76.2,30,50.0,1.92,266.6,2,50.0,2.0,10.0,8793,PEPPERSTONE_GBPUSD__240.csv
GBPUSD,4H,origination,10,2.0,bottom,37,19,18,51.4,2.19,380.8,21.6,5.9,73.5,37,51.4,2.19,380.8,0,0.0,999.0,0.0,8793,PEPPERSTONE_GBPUSD__240.csv
GBPUSD,4H,none,15,1.5,bottom,32,19,13,59.4,2.07,335.5,16.4,4.9,76.2,30,60.0,2.09,328.0,2,50.0,1.5,7.5,8793,PEPPERSTONE_GBPUSD__240.csv
GBPUSD,4H,origination,15,1.5,bottom,37,22,15,59.5,2.22,421.2,19.3,4.9,73.5,37,59.5,2.22,421.2,0,0.0,999.0,0.0,8793,PEPPERSTONE_GBPUSD__240.csv
GBPUSD,4H,none,15,1.8,bottom,32,17,15,53.1,1.89,325.1,16.5,6.8,76.2,30,56.7,2.06,355.1,,,,,8793,PEPPERSTONE_GBPUSD__240.csv
GBPUSD,4H,origination,15,1.8,bottom,37,21,16,56.8,2.25,476.0,23.8,4.9,73.5,37,56.8,2.25,476.0,0,0.0,999.0,0.0,8793,PEPPERSTONE_GBPUSD__240.csv
GBPUSD,4H,none,15,2.0,bottom,32,16,16,50.0,1.94,356.6,16.9,6.8,76.2,30,53.3,2.11,386.6,,,,,8793,PEPPERSTONE_GBPUSD__240.csv
GBPUSD,4H,origination,15,2.0,bottom,37,20,17,54.1,2.33,525.9,25.3,4.9,73.5,37,54.1,2.33,525.9,0,0.0,999.0,0.0,8793,PEPPERSTONE_GBPUSD__240.csv
GBPUSD,4H,none,20,1.5,bottom,32,17,15,53.1,1.6,262.5,10.8,6.8,76.2,30,56.7,1.76,302.5,,,,,8793,PEPPERSTONE_GBPUSD__240.csv
GBPUSD,4H,origination,20,1.5,bottom,37,22,15,59.5,2.05,460.7,19.3,4.9,73.5,37,59.5,2.05,460.7,0,0.0,999.0,0.0,8793,PEPPERSTONE_GBPUSD__240.csv
GBPUSD,4H,none,20,1.8,bottom,32,17,15,53.1,1.92,403.1,16.5,6.8,76.2,30,56.7,2.11,443.1,,,,,8793,PEPPERSTONE_GBPUSD__240.csv
GBPUSD,4H,origination,20,1.8,bottom,37,22,15,59.5,2.46,641.0,27.4,4.9,73.5,37,59.5,2.46,641.0,0,0.0,999.0,0.0,8793,PEPPERSTONE_GBPUSD__240.csv
GBPUSD,4H,none,20,2.0,bottom,32,17,15,53.1,2.13,496.6,20.4,6.8,76.2,30,56.7,2.34,536.6,,,,,8793,PEPPERSTONE_GBPUSD__240.csv
GBPUSD,4H,origination,20,2.0,bottom,37,21,16,56.8,2.52,700.9,29.1,4.9,73.5,37,56.8,2.52,700.9,0,0.0,999.0,0.0,8793,PEPPERSTONE_GBPUSD__240.csv
GBPUSD,1H,none,10,1.5,bottom,36,23,13,63.9,2.78,291.7,23.6,2.0,172.7,27,63.0,2.69,216.9,9,66.7,3.08,74.8,21565,PEPPERSTONE_GBPUSD__60.csv
GBPUSD,1H,origination,10,1.5,bottom,35,24,11,68.6,3.51,347.8,28.0,2.0,95.7,35,68.6,3.51,347.8,0,0.0,999.0,0.0,21565,PEPPERSTONE_GBPUSD__60.csv
GBPUSD,1H,none,10,1.8,bottom,36,21,15,58.3,2.77,327.0,25.1,2.0,172.7,27,55.6,2.55,229.9,9,66.7,3.7,97.1,21565,PEPPERSTONE_GBPUSD__60.csv
GBPUSD,1H,origination,10,1.8,bottom,35,22,13,62.9,3.46,388.8,30.0,2.0,95.7,35,62.9,3.46,388.8,0,0.0,999.0,0.0,21565,PEPPERSTONE_GBPUSD__60.csv
GBPUSD,1H,none,10,2.0,bottom,36,19,17,52.8,2.58,323.7,22.8,4.9,172.7,27,51.9,2.53,241.8,9,55.6,2.78,81.9,21565,PEPPERSTONE_GBPUSD__60.csv
GBPUSD,1H,origination,10,2.0,bottom,35,21,14,60.0,3.49,419.5,31.7,3.0,95.7,35,60.0,3.49,419.5,0,0.0,999.0,0.0,21565,PEPPERSTONE_GBPUSD__60.csv
GBPUSD,1H,none,15,1.5,bottom,20,10,10,50.0,1.46,73.7,5.0,4.4,280.8,15,46.7,1.28,36.2,5,60.0,2.25,37.5,21565,PEPPERSTONE_GBPUSD__60.csv
GBPUSD,1H,origination,15,1.5,bottom,19,10,9,52.6,1.62,88.7,6.0,2.5,122.7,19,52.6,1.62,88.7,0,0.0,999.0,0.0,21565,PEPPERSTONE_GBPUSD__60.csv
GBPUSD,1H,none,15,1.8,bottom,20,9,11,45.0,1.45,78.2,5.1,4.4,280.8,15,40.0,1.19,27.2,5,60.0,2.7,51.0,21565,PEPPERSTONE_GBPUSD__60.csv
GBPUSD,1H,origination,15,1.8,bottom,19,9,10,47.4,1.59,93.2,6.2,3.4,122.7,19,47.4,1.59,93.2,0,0.0,999.0,0.0,21565,PEPPERSTONE_GBPUSD__60.csv
GBPUSD,1H,none,15,2.0,bottom,20,9,11,45.0,1.61,106.2,7.0,4.0,280.8,15,40.0,1.32,46.2,5,60.0,3.0,60.0,21565,PEPPERSTONE_GBPUSD__60.csv
GBPUSD,1H,origination,15,2.0,bottom,19,9,10,47.4,1.76,121.2,8.1,3.0,122.7,19,47.4,1.76,121.2,0,0.0,999.0,0.0,21565,PEPPERSTONE_GBPUSD__60.csv
GBPUSD,1H,none,20,1.5,bottom,,,,,,,,,,,,,,,,,,21565,PEPPERSTONE_GBPUSD__60.csv
GBPUSD,1H,origination,20,1.5,bottom,,,,,,,,,,,,,,,,,,21565,PEPPERSTONE_GBPUSD__60.csv
GBPUSD,1H,none,20,1.8,bottom,,,,,,,,,,,,,,,,,,21565,PEPPERSTONE_GBPUSD__60.csv
GBPUSD,1H,origination,20,1.8,bottom,,,,,,,,,,,,,,,,,,21565,PEPPERSTONE_GBPUSD__60.csv
GBPUSD,1H,none,20,2.0,bottom,,,,,,,,,,,,,,,,,,21565,PEPPERSTONE_GBPUSD__60.csv
GBPUSD,1H,origination,20,2.0,bottom,,,,,,,,,,,,,,,,,,21565,PEPPERSTONE_GBPUSD__60.csv
NZDUSD,2H,none,10,1.5,bottom,35,25,10,71.4,3.6,343.0,31.2,1.0,58.7,29,65.5,2.67,220.7,6,100.0,999.0,122.3,19532,PEPPERSTONE_NZDUSD__120.csv
NZDUSD,2H,origination,10,1.5,bottom,35,25,10,71.4,3.68,353.6,31.2,2.0,108.3,35,71.4,3.68,353.6,0,0.0,999.0,0.0,19532,PEPPERSTONE_NZDUSD__120.csv
NZDUSD,2H,none,10,1.8,bottom,35,19,16,54.3,2.0,211.9,19.5,3.2,58.7,29,48.3,1.6,116.7,6,83.3,6.17,95.2,19532,PEPPERSTONE_NZDUSD__120.csv
NZDUSD,2H,origination,10,1.8,bottom,35,18,17,51.4,1.89,197.2,16.2,2.0,108.3,35,51.4,1.89,197.2,0,0.0,999.0,0.0,19532,PEPPERSTONE_NZDUSD__120.csv
NZDUSD,2H,none,10,2.0,bottom,35,18,17,51.4,2.03,228.9,20.4,5.9,58.7,29,44.8,1.59,121.1,6,83.3,6.86,107.8,19532,PEPPERSTONE_NZDUSD__120.csv
NZDUSD,2H,origination,10,2.0,bottom,35,17,18,48.6,1.92,213.7,16.9,4.0,108.3,35,48.6,1.92,213.7,0,0.0,999.0,0.0,19532,PEPPERSTONE_NZDUSD__120.csv
NZDUSD,2H,none,15,1.5,bottom,35,18,17,51.4,1.54,166.1,10.2,5.9,58.7,29,44.8,1.2,57.3,6,83.3,5.65,108.8,19532,PEPPERSTONE_NZDUSD__120.csv
NZDUSD,2H,origination,15,1.5,bottom,35,17,18,48.6,1.43,139.7,7.5,4.5,108.3,35,48.6,1.43,139.7,0,0.0,999.0,0.0,19532,PEPPERSTONE_NZDUSD__120.csv
NZDUSD,2H,none,15,1.8,bottom,35,15,20,42.9,1.31,112.6,6.9,5.9,58.7,29,37.9,1.13,41.7,6,66.7,2.53,70.9,19532,PEPPERSTONE_NZDUSD__120.csv
NZDUSD,2H,origination,15,1.8,bottom,35,14,21,40.0,1.29,106.2,4.0,4.2,108.3,35,40.0,1.29,106.2,0,0.0,999.0,0.0,19532,PEPPERSTONE_NZDUSD__120.csv
NZDUSD,2H,none,15,2.0,bottom,35,14,21,40.0,1.28,105.1,6.9,6.8,58.7,29,34.5,1.06,21.1,6,66.7,2.81,84.0,19532,PEPPERSTONE_NZDUSD__120.csv
NZDUSD,2H,origination,15,2.0,bottom,35,12,23,34.3,1.05,22.5,0.7,6.8,108.3,35,34.3,1.05,22.5,0,0.0,999.0,0.0,19532,PEPPERSTONE_NZDUSD__120.csv
NZDUSD,2H,none,20,1.5,bottom,35,19,16,54.3,1.68,257.4,13.0,3.5,58.7,29,51.7,1.58,186.0,6,66.7,2.27,71.4,19532,PEPPERSTONE_NZDUSD__120.csv
NZDUSD,2H,origination,20,1.5,bottom,34,17,17,50.0,1.5,192.8,8.6,3.0,110.8,34,50.0,1.5,192.8,0,0.0,999.0,0.0,19532,PEPPERSTONE_NZDUSD__120.csv
NZDUSD,2H,none,20,1.8,bottom,35,16,19,45.7,1.46,202.3,9.9,4.2,58.7,29,41.4,1.27,105.4,6,66.7,2.72,96.9,19532,PEPPERSTONE_NZDUSD__120.csv
NZDUSD,2H,origination,20,1.8,bottom,34,14,20,41.2,1.28,127.2,5.0,4.2,110.8,34,41.2,1.28,127.2,0,0.0,999.0,0.0,19532,PEPPERSTONE_NZDUSD__120.csv
NZDUSD,2H,none,20,2.0,bottom,35,16,19,45.7,1.62,273.8,13.4,4.0,58.7,29,41.4,1.42,159.8,6,66.7,3.02,114.0,19532,PEPPERSTONE_NZDUSD__120.csv
NZDUSD,2H,origination,20,2.0,bottom,34,14,20,41.2,1.42,191.6,7.9,4.0,110.8,34,41.2,1.42,191.6,0,0.0,999.0,0.0,19532,PEPPERSTONE_NZDUSD__120.csv
NZDUSD,4H,none,10,1.5,bottom,28,20,8,71.4,3.43,329.6,24.3,3.9,194.8,23,78.3,6.0,337.7,,,,,9722,PEPPERSTONE_NZDUSD__240.csv
NZDUSD,4H,origination,10,1.5,bottom,33,24,9,72.7,4.12,399.8,30.6,3.0,151.7,33,72.7,4.12,399.8,0,0.0,999.0,0.0,9722,PEPPERSTONE_NZDUSD__240.csv
NZDUSD,4H,none,10,1.8,bottom,28,18,10,64.3,2.96,329.9,24.7,3.9,194.8,23,69.6,4.24,326.0,5,40.0,1.06,3.9,9722,PEPPERSTONE_NZDUSD__240.csv
NZDUSD,4H,origination,10,1.8,bottom,33,21,12,63.6,2.96,356.2,28.9,5.9,151.7,33,63.6,2.96,356.2,0,0.0,999.0,0.0,9722,PEPPERSTONE_NZDUSD__240.csv
NZDUSD,4H,none,10,2.0,bottom,28,16,12,57.1,2.0,221.9,21.7,3.9,194.8,23,65.2,3.39,299.6,,,,,9722,PEPPERSTONE_NZDUSD__240.csv
NZDUSD,4H,origination,10,2.0,bottom,33,20,13,60.6,2.66,342.1,30.4,5.9,151.7,33,60.6,2.66,342.1,0,0.0,999.0,0.0,9722,PEPPERSTONE_NZDUSD__240.csv
NZDUSD,4H,none,15,1.5,bottom,28,20,8,71.4,3.35,425.2,24.3,3.0,194.8,23,78.3,5.41,433.3,,,,,9722,PEPPERSTONE_NZDUSD__240.csv
NZDUSD,4H,origination,15,1.5,bottom,33,23,10,69.7,3.24,457.5,27.4,4.9,151.7,33,69.7,3.24,457.5,0,0.0,999.0,0.0,9722,PEPPERSTONE_NZDUSD__240.csv
NZDUSD,4H,none,15,1.8,bottom,28,17,11,60.7,2.1,297.8,21.3,3.0,194.8,23,69.6,3.55,388.5,,,,,9722,PEPPERSTONE_NZDUSD__240.csv
NZDUSD,4H,origination,15,1.8,bottom,33,21,12,63.6,2.7,438.7,28.9,4.9,151.7,33,63.6,2.7,438.7,0,0.0,999.0,0.0,9722,PEPPERSTONE_NZDUSD__240.csv
NZDUSD,4H,none,15,2.0,bottom,28,16,12,57.1,2.11,315.9,21.7,3.9,194.8,23,69.6,3.95,448.6,,,,,9722,PEPPERSTONE_NZDUSD__240.csv
NZDUSD,4H,origination,15,2.0,bottom,33,21,12,63.6,3.0,516.1,34.4,4.9,151.7,33,63.6,3.0,516.1,0,0.0,999.0,0.0,9722,PEPPERSTONE_NZDUSD__240.csv
NZDUSD,4H,none,20,1.5,bottom,28,18,10,64.3,2.3,373.0,18.2,3.0,194.8,23,73.9,3.92,458.8,,,,,9722,PEPPERSTONE_NZDUSD__240.csv
NZDUSD,4H,origination,20,1.5,bottom,33,22,11,66.7,2.72,495.5,24.2,4.9,151.7,33,66.7,2.72,495.5,0,0.0,999.0,0.0,9722,PEPPERSTONE_NZDUSD__240.csv
NZDUSD,4H,none,20,1.8,bottom,28,17,11,60.7,2.47,448.7,21.3,3.0,194.8,23,69.6,3.97,525.9,,,,,9722,PEPPERSTONE_NZDUSD__240.csv
NZDUSD,4H,origination,20,1.8,bottom,33,21,12,63.6,2.94,596.1,28.9,4.9,151.7,33,63.6,2.94,596.1,0,0.0,999.0,0.0,9722,PEPPERSTONE_NZDUSD__240.csv
NZDUSD,4H,none,20,2.0,bottom,28,16,12,57.1,2.28,433.4,21.7,3.0,194.8,23,65.2,3.4,504.9,,,,,9722,PEPPERSTONE_NZDUSD__240.csv
NZDUSD,4H,origination,20,2.0,bottom,33,20,13,60.6,2.75,597.4,30.4,4.9,151.7,33,60.6,2.75,597.4,0,0.0,999.0,0.0,9722,PEPPERSTONE_NZDUSD__240.csv
NZDUSD,1H,none,10,1.5,bottom,33,19,14,57.6,2.05,185.2,15.3,4.9,83.9,29,62.1,2.37,193.4,,,,,21643,PEPPERSTONE_NZDUSD__60.csv
NZDUSD,1H,origination,10,1.5,bottom,32,20,12,62.5,2.45,219.9,19.4,4.9,87.0,32,62.5,2.45,219.9,0,0.0,999.0,0.0,21643,PEPPERSTONE_NZDUSD__60.csv
NZDUSD,1H,none,10,1.8,bottom,33,16,17,48.5,1.7,150.9,12.1,6.1,83.9,29,55.2,2.26,204.2,,,,,21643,PEPPERSTONE_NZDUSD__60.csv
NZDUSD,1H,origination,10,1.8,bottom,32,18,14,56.2,2.39,237.9,19.8,5.9,87.0,32,56.2,2.39,237.9,0,0.0,999.0,0.0,21643,PEPPERSTONE_NZDUSD__60.csv
NZDUSD,1H,none,10,2.0,bottom,33,15,18,45.5,1.66,151.1,12.3,5.9,83.9,29,51.7,2.17,204.4,,,,,21643,PEPPERSTONE_NZDUSD__60.csv
NZDUSD,1H,origination,10,2.0,bottom,32,17,15,53.1,2.31,243.0,20.4,5.9,87.0,32,53.1,2.31,243.0,0,0.0,999.0,0.0,21643,PEPPERSTONE_NZDUSD__60.csv
NZDUSD,1H,none,15,1.5,bottom,26,12,14,46.2,1.33,77.2,3.9,4.9,78.2,24,50.0,1.53,107.2,,,,,21643,PEPPERSTONE_NZDUSD__60.csv
NZDUSD,1H,origination,15,1.5,bottom,27,15,12,55.6,1.89,181.1,10.8,3.5,76.7,27,55.6,1.89,181.1,0,0.0,999.0,0.0,21643,PEPPERSTONE_NZDUSD__60.csv
NZDUSD,1H,none,15,1.8,bottom,26,11,15,42.3,1.39,97.3,4.7,4.4,78.2,24,45.8,1.58,127.3,,,,,21643,PEPPERSTONE_NZDUSD__60.csv
NZDUSD,1H,origination,15,1.8,bottom,27,14,13,51.9,1.99,216.0,12.6,2.6,76.7,27,51.9,1.99,216.0,0,0.0,999.0,0.0,21643,PEPPERSTONE_NZDUSD__60.csv
NZDUSD,1H,none,15,2.0,bottom,26,11,15,42.3,1.55,135.8,6.9,4.0,78.2,24,45.8,1.76,165.8,,,,,21643,PEPPERSTONE_NZDUSD__60.csv
NZDUSD,1H,origination,15,2.0,bottom,27,13,14,48.1,1.94,219.4,12.4,5.0,76.7,27,48.1,1.94,219.4,0,0.0,999.0,0.0,21643,PEPPERSTONE_NZDUSD__60.csv
NZDUSD,1H,none,20,1.5,bottom,,,,,,,,,,,,,,,,,,21643,PEPPERSTONE_NZDUSD__60.csv
NZDUSD,1H,origination,20,1.5,bottom,,,,,,,,,,,,,,,,,,21643,PEPPERSTONE_NZDUSD__60.csv
NZDUSD,1H,none,20,1.8,bottom,,,,,,,,,,,,,,,,,,21643,PEPPERSTONE_NZDUSD__60.csv
NZDUSD,1H,origination,20,1.8,bottom,,,,,,,,,,,,,,,,,,21643,PEPPERSTONE_NZDUSD__60.csv
NZDUSD,1H,none,20,2.0,bottom,,,,,,,,,,,,,,,,,,21643,PEPPERSTONE_NZDUSD__60.csv
NZDUSD,1H,origination,20,2.0,bottom,,,,,,,,,,,,,,,,,,21643,PEPPERSTONE_NZDUSD__60.csv
USDCAD,2H,none,10,1.5,bottom,38,26,12,68.4,3.24,360.0,30.6,3.0,127.6,32,71.9,4.5,352.9,6,50.0,1.12,7.1,19121,PEPPERSTONE_USDCAD__120.csv
USDCAD,2H,origination,10,1.5,bottom,40,29,11,72.5,4.28,445.2,37.9,2.0,118.7,40,72.5,4.28,445.2,0,0.0,999.0,0.0,19121,PEPPERSTONE_USDCAD__120.csv
USDCAD,2H,none,10,1.8,bottom,38,22,16,57.9,2.23,278.9,26.1,4.9,127.6,32,62.5,2.83,286.5,,,,,19121,PEPPERSTONE_USDCAD__120.csv
USDCAD,2H,origination,10,1.8,bottom,40,26,14,65.0,3.11,404.3,38.2,2.2,118.7,40,65.0,3.11,404.3,0,0.0,999.0,0.0,19121,PEPPERSTONE_USDCAD__120.csv
USDCAD,2H,none,10,2.0,bottom,38,19,19,50.0,1.85,224.1,20.4,4.9,127.6,32,53.1,2.16,224.7,,,,,19121,PEPPERSTONE_USDCAD__120.csv
USDCAD,2H,origination,10,2.0,bottom,40,23,17,57.5,2.57,359.5,32.9,2.0,118.7,40,57.5,2.57,359.5,0,0.0,999.0,0.0,19121,PEPPERSTONE_USDCAD__120.csv
USDCAD,2H,none,15,1.5,bottom,37,25,12,67.6,2.86,425.0,28.6,2.0,130.8,31,71.0,3.66,410.4,6,50.0,1.19,14.6,19121,PEPPERSTONE_USDCAD__120.csv
USDCAD,2H,origination,15,1.5,bottom,38,28,10,73.7,4.36,567.8,37.2,2.0,124.3,38,73.7,4.36,567.8,0,0.0,999.0,0.0,19121,PEPPERSTONE_USDCAD__120.csv
USDCAD,2H,none,15,1.8,bottom,37,21,16,56.8,2.24,368.2,23.8,3.4,130.8,31,61.3,2.83,377.8,,,,,19121,PEPPERSTONE_USDCAD__120.csv
USDCAD,2H,origination,15,1.8,bottom,38,25,13,65.8,3.58,569.6,37.1,2.2,124.3,38,65.8,3.58,569.6,0,0.0,999.0,0.0,19121,PEPPERSTONE_USDCAD__120.csv
USDCAD,2H,none,15,2.0,bottom,37,19,18,51.4,1.91,308.5,21.6,5.9,130.8,31,58.1,2.65,376.7,,,,,19121,PEPPERSTONE_USDCAD__120.csv
USDCAD,2H,origination,15,2.0,bottom,38,23,15,60.5,3.12,546.5,35.6,3.0,124.3,38,60.5,3.12,546.5,0,0.0,999.0,0.0,19121,PEPPERSTONE_USDCAD__120.csv
USDCAD,2H,none,20,1.5,bottom,34,22,12,64.7,2.6,442.3,23.0,2.5,137.6,29,65.5,2.63,367.3,5,60.0,2.5,75.0,19121,PEPPERSTONE_USDCAD__120.csv
USDCAD,2H,origination,20,1.5,bottom,34,23,11,67.6,2.9,467.3,26.1,2.0,135.7,34,67.6,2.9,467.3,0,0.0,999.0,0.0,19121,PEPPERSTONE_USDCAD__120.csv
USDCAD,2H,none,20,1.8,bottom,34,17,17,50.0,1.6,241.3,14.1,4.9,137.6,29,51.7,1.68,218.6,5,40.0,1.29,22.7,19121,PEPPERSTONE_USDCAD__120.csv
USDCAD,2H,origination,20,1.8,bottom,34,18,16,52.9,1.79,286.6,17.4,3.9,135.7,34,52.9,1.79,286.6,0,0.0,999.0,0.0,19121,PEPPERSTONE_USDCAD__120.csv
USDCAD,2H,none,20,2.0,bottom,34,16,18,47.1,1.6,252.6,14.6,4.9,137.6,29,48.3,1.64,218.6,5,40.0,1.44,34.0,19121,PEPPERSTONE_USDCAD__120.csv
USDCAD,2H,origination,20,2.0,bottom,34,17,17,50.0,1.78,298.6,18.0,3.9,135.7,34,50.0,1.78,298.6,0,0.0,999.0,0.0,19121,PEPPERSTONE_USDCAD__120.csv
USDCAD,4H,none,10,1.5,bottom,35,26,9,74.3,4.93,527.4,34.5,3.0,123.5,28,71.4,4.6,394.3,7,85.7,6.37,133.1,9701,PEPPERSTONE_USDCAD__240.csv
USDCAD,4H,origination,10,1.5,bottom,35,23,12,65.7,3.5,426.9,24.8,3.9,113.9,35,65.7,3.5,426.9,0,0.0,999.0,0.0,9701,PEPPERSTONE_USDCAD__240.csv
USDCAD,4H,none,10,1.8,bottom,35,23,12,65.7,3.32,469.5,33.6,3.0,123.5,28,64.3,3.5,378.3,7,71.4,2.79,91.2,9701,PEPPERSTONE_USDCAD__240.csv
USDCAD,4H,origination,10,1.8,bottom,35,21,14,60.0,3.02,429.8,26.4,3.9,113.9,35,60.0,3.02,429.8,0,0.0,999.0,0.0,9701,PEPPERSTONE_USDCAD__240.csv
USDCAD,4H,none,10,2.0,bottom,35,19,16,54.3,2.01,290.8,24.0,4.0,123.5,28,53.6,2.34,275.6,7,57.1,1.19,15.2,9701,PEPPERSTONE_USDCAD__240.csv
USDCAD,4H,origination,10,2.0,bottom,35,18,17,51.4,2.27,339.6,20.4,4.0,113.9,35,51.4,2.27,339.6,0,0.0,999.0,0.0,9701,PEPPERSTONE_USDCAD__240.csv
USDCAD,4H,none,15,1.5,bottom,35,23,12,65.7,3.06,507.8,24.8,4.4,123.5,28,60.7,2.57,338.4,7,85.7,6.43,169.4,9701,PEPPERSTONE_USDCAD__240.csv
USDCAD,4H,origination,15,1.5,bottom,35,21,14,60.0,2.46,411.0,18.7,4.4,113.9,35,60.0,2.46,411.0,0,0.0,999.0,0.0,9701,PEPPERSTONE_USDCAD__240.csv
USDCAD,4H,none,15,1.8,bottom,35,20,15,57.1,2.2,405.2,22.9,5.1,123.5,28,53.6,2.09,295.4,7,71.4,2.64,109.8,9701,PEPPERSTONE_USDCAD__240.csv
USDCAD,4H,origination,15,1.8,bottom,35,18,17,51.4,1.89,322.4,16.2,5.1,113.9,35,51.4,1.89,322.4,0,0.0,999.0,0.0,9701,PEPPERSTONE_USDCAD__240.csv
USDCAD,4H,none,15,2.0,bottom,35,19,16,54.3,2.12,408.3,24.0,4.9,123.5,28,50.0,1.94,278.9,7,71.4,2.94,129.4,9701,PEPPERSTONE_USDCAD__240.csv
USDCAD,4H,origination,15,2.0,bottom,35,17,18,48.6,1.82,319.1,16.9,4.9,113.9,35,48.6,1.82,319.1,0,0.0,999.0,0.0,9701,PEPPERSTONE_USDCAD__240.csv
USDCAD,4H,none,20,1.5,bottom,34,22,12,64.7,2.5,495.2,23.0,3.9,124.8,27,63.0,2.53,387.3,7,71.4,2.4,107.9,9701,PEPPERSTONE_USDCAD__240.csv
USDCAD,4H,origination,20,1.5,bottom,34,21,13,61.8,2.29,446.8,20.0,3.9,115.0,34,61.8,2.29,446.8,0,0.0,999.0,0.0,9701,PEPPERSTONE_USDCAD__240.csv
USDCAD,4H,none,20,1.8,bottom,34,19,15,55.9,2.15,459.8,20.7,4.2,124.8,27,55.6,2.22,371.0,7,57.1,1.92,88.8,9701,PEPPERSTONE_USDCAD__240.csv
USDCAD,4H,origination,20,1.8,bottom,34,19,15,55.9,2.16,461.0,20.7,4.2,115.0,34,55.9,2.16,461.0,0,0.0,999.0,0.0,9701,PEPPERSTONE_USDCAD__240.csv
USDCAD,4H,none,20,2.0,bottom,34,19,15,55.9,2.38,555.6,25.3,4.0,124.8,27,55.6,2.47,446.2,7,57.1,2.13,109.4,9701,PEPPERSTONE_USDCAD__240.csv
USDCAD,4H,origination,20,2.0,bottom,34,19,15,55.9,2.4,556.4,25.3,4.0,115.0,34,55.9,2.4,556.4,0,0.0,999.0,0.0,9701,PEPPERSTONE_USDCAD__240.csv
USDCAD,1H,none,10,1.5,bottom,36,18,18,50.0,1.28,64.5,9.1,4.0,189.4,25,48.0,1.16,26.0,11,54.5,1.56,38.5,21643,PEPPERSTONE_USDCAD__60.csv
USDCAD,1H,origination,10,1.5,bottom,36,20,16,55.6,1.61,124.4,14.7,4.1,215.7,36,55.6,1.61,124.4,0,0.0,999.0,0.0,21643,PEPPERSTONE_USDCAD__60.csv
USDCAD,1H,none,10,1.8,bottom,36,17,19,47.2,1.39,96.3,11.9,4.6,189.4,25,44.0,1.21,36.2,11,54.5,1.87,60.1,21643,PEPPERSTONE_USDCAD__60.csv
USDCAD,1H,origination,10,1.8,bottom,36,19,17,52.8,1.76,162.2,18.3,6.1,215.7,36,52.8,1.76,162.2,0,0.0,999.0,0.0,21643,PEPPERSTONE_USDCAD__60.csv
USDCAD,1H,none,10,2.0,bottom,36,15,21,41.7,1.28,74.0,9.0,6.9,189.4,25,40.0,1.16,29.6,11,45.5,1.56,44.4,21643,PEPPERSTONE_USDCAD__60.csv
USDCAD,1H,origination,10,2.0,bottom,36,18,18,50.0,1.77,174.0,19.2,5.9,215.7,36,50.0,1.77,174.0,0,0.0,999.0,0.0,21643,PEPPERSTONE_USDCAD__60.csv
USDCAD,1H,none,15,1.5,bottom,29,15,14,51.7,1.56,129.3,8.6,4.9,206.7,20,50.0,1.4,66.5,9,55.6,1.93,62.8,21643,PEPPERSTONE_USDCAD__60.csv
USDCAD,1H,origination,15,1.5,bottom,28,17,11,60.7,2.16,213.0,15.3,3.5,204.8,28,60.7,2.16,213.0,0,0.0,999.0,0.0,21643,PEPPERSTONE_USDCAD__60.csv
USDCAD,1H,none,15,1.8,bottom,29,11,18,37.9,1.07,20.3,1.5,7.0,206.7,,,,,9,44.4,1.38,33.5,21643,PEPPERSTONE_USDCAD__60.csv
USDCAD,1H,origination,15,1.8,bottom,28,13,15,46.4,1.45,111.4,8.5,4.4,204.8,28,46.4,1.45,111.4,0,0.0,999.0,0.0,21643,PEPPERSTONE_USDCAD__60.csv
USDCAD,1H,none,15,2.0,bottom,29,10,19,34.5,1.03,10.6,0.7,6.8,206.7,,,,,9,44.4,1.54,46.9,21643,PEPPERSTONE_USDCAD__60.csv
USDCAD,1H,origination,15,2.0,bottom,28,12,16,42.9,1.4,106.3,8.0,4.0,204.8,28,42.9,1.4,106.3,0,0.0,999.0,0.0,21643,PEPPERSTONE_USDCAD__60.csv
USDCAD,1H,none,20,1.5,bottom,,,,,,,,,,,,,,,,,,21643,PEPPERSTONE_USDCAD__60.csv
USDCAD,1H,origination,20,1.5,bottom,,,,,,,,,,,,,,,,,,21643,PEPPERSTONE_USDCAD__60.csv
USDCAD,1H,none,20,1.8,bottom,,,,,,,,,,,,,,,,,,21643,PEPPERSTONE_USDCAD__60.csv
USDCAD,1H,origination,20,1.8,bottom,,,,,,,,,,,,,,,,,,21643,PEPPERSTONE_USDCAD__60.csv
USDCAD,1H,none,20,2.0,bottom,,,,,,,,,,,,,,,,,,21643,PEPPERSTONE_USDCAD__60.csv
USDCAD,1H,origination,20,2.0,bottom,,,,,,,,,,,,,,,,,,21643,PEPPERSTONE_USDCAD__60.csv
USDCHF,2H,none,10,1.5,bottom,32,22,10,68.8,3.44,320.4,25.5,3.0,186.3,24,66.7,2.95,216.1,8,75.0,6.22,104.3,19622,PEPPERSTONE_USDCHF__120.csv
USDCHF,2H,origination,10,1.5,bottom,34,25,9,73.5,4.11,377.1,32.6,3.0,143.3,34,73.5,4.11,377.1,0,0.0,999.0,0.0,19622,PEPPERSTONE_USDCHF__120.csv
USDCHF,2H,none,10,1.8,bottom,32,20,12,62.5,2.93,317.8,26.7,3.9,186.3,24,58.3,2.31,188.5,8,75.0,7.47,129.3,19622,PEPPERSTONE_USDCHF__120.csv
USDCHF,2H,origination,10,1.8,bottom,34,22,12,64.7,3.16,355.7,31.3,3.2,143.3,34,64.7,3.16,355.7,0,0.0,999.0,0.0,19622,PEPPERSTONE_USDCHF__120.csv
USDCHF,2H,none,10,2.0,bottom,32,20,12,62.5,3.26,371.2,31.7,3.9,186.3,24,58.3,2.56,225.4,8,75.0,8.29,145.8,19622,PEPPERSTONE_USDCHF__120.csv
USDCHF,2H,origination,10,2.0,bottom,34,22,12,64.7,3.52,413.5,37.1,3.0,143.3,34,64.7,3.52,413.5,0,0.0,999.0,0.0,19622,PEPPERSTONE_USDCHF__120.csv
USDCHF,2H,none,15,1.5,bottom,32,22,10,68.8,3.07,402.3,25.5,2.0,186.3,24,66.7,2.6,263.0,8,75.0,5.64,139.3,19622,PEPPERSTONE_USDCHF__120.csv
USDCHF,2H,origination,15,1.5,bottom,34,24,10,70.6,3.31,449.0,29.3,3.0,143.3,34,70.6,3.31,449.0,0,0.0,999.0,0.0,19622,PEPPERSTONE_USDCHF__120.csv
USDCHF,2H,none,15,1.8,bottom,32,20,12,62.5,2.66,396.8,26.7,2.2,186.3,24,58.3,2.07,223.5,8,75.0,6.78,173.3,19622,PEPPERSTONE_USDCHF__120.csv
USDCHF,2H,origination,15,1.8,bottom,34,20,14,58.8,2.37,368.7,24.1,3.9,143.3,34,58.8,2.37,368.7,0,0.0,999.0,0.0,19622,PEPPERSTONE_USDCHF__120.csv
USDCHF,2H,none,15,2.0,bottom,32,19,13,59.4,2.66,422.3,27.9,2.0,186.3,24,54.2,2.01,226.5,8,75.0,7.53,195.8,19622,PEPPERSTONE_USDCHF__120.csv
USDCHF,2H,origination,15,2.0,bottom,34,19,15,55.9,2.39,394.6,25.3,3.9,143.3,34,55.9,2.39,394.6,0,0.0,999.0,0.0,19622,PEPPERSTONE_USDCHF__120.csv
USDCHF,2H,none,20,1.5,bottom,28,19,9,67.9,3.02,434.5,21.2,3.0,212.0,20,65.0,2.49,260.2,8,75.0,5.36,174.3,19622,PEPPERSTONE_USDCHF__120.csv
USDCHF,2H,origination,20,1.5,bottom,30,20,10,66.7,2.9,446.2,21.8,2.0,161.5,30,66.7,2.9,446.2,0,0.0,999.0,0.0,19622,PEPPERSTONE_USDCHF__120.csv
USDCHF,2H,none,20,1.8,bottom,28,18,10,64.3,3.16,508.6,24.7,3.0,212.0,20,65.0,2.98,347.3,8,62.5,3.69,161.3,19622,PEPPERSTONE_USDCHF__120.csv
USDCHF,2H,origination,20,1.8,bottom,30,20,10,66.7,3.48,582.5,29.2,2.0,161.5,30,66.7,3.48,582.5,0,0.0,999.0,0.0,19622,PEPPERSTONE_USDCHF__120.csv
USDCHF,2H,none,20,2.0,bottom,28,16,12,57.1,2.6,450.6,21.7,3.0,212.0,20,55.0,2.19,264.8,8,62.5,4.1,185.8,19622,PEPPERSTONE_USDCHF__120.csv
USDCHF,2H,origination,20,2.0,bottom,30,18,12,60.0,2.89,532.9,26.6,2.0,161.5,30,60.0,2.89,532.9,0,0.0,999.0,0.0,19622,PEPPERSTONE_USDCHF__120.csv
USDCHF,4H,none,10,1.5,bottom,44,33,11,75.0,4.57,551.0,46.4,2.0,124.2,29,69.0,3.1,282.7,15,86.7,14.42,268.3,9733,PEPPERSTONE_USDCHF__240.csv
USDCHF,4H,origination,10,1.5,bottom,44,30,14,68.2,3.18,440.2,35.8,2.0,128.0,44,68.2,3.18,440.2,0,0.0,999.0,0.0,9733,PEPPERSTONE_USDCHF__240.csv
USDCHF,4H,none,10,1.8,bottom,44,33,11,75.0,5.48,692.1,61.3,2.0,124.2,29,69.0,3.72,366.1,15,86.7,17.3,326.0,9733,PEPPERSTONE_USDCHF__240.csv
USDCHF,4H,origination,10,1.8,bottom,44,29,15,65.9,3.26,505.9,44.3,3.0,128.0,44,65.9,3.26,505.9,0,0.0,999.0,0.0,9733,PEPPERSTONE_USDCHF__240.csv
USDCHF,4H,none,10,2.0,bottom,44,33,11,75.0,6.09,785.9,72.1,2.0,124.2,29,69.0,4.14,421.6,15,86.7,19.21,364.3,9733,PEPPERSTONE_USDCHF__240.csv
USDCHF,4H,origination,10,2.0,bottom,44,28,16,63.6,3.38,556.9,48.2,3.0,128.0,44,63.6,3.38,556.9,0,0.0,999.0,0.0,9733,PEPPERSTONE_USDCHF__240.csv
USDCHF,4H,none,15,1.5,bottom,44,34,10,77.3,5.48,813.2,50.1,2.0,124.2,29,75.9,4.63,494.9,15,80.0,8.07,318.3,9733,PEPPERSTONE_USDCHF__240.csv
USDCHF,4H,origination,15,1.5,bottom,44,31,13,70.5,3.47,634.0,39.2,3.0,128.0,44,70.5,3.47,634.0,0,0.0,999.0,0.0,9733,PEPPERSTONE_USDCHF__240.csv
USDCHF,4H,none,15,1.8,bottom,44,33,11,75.0,5.58,944.0,61.4,2.0,124.2,29,75.9,5.55,621.2,15,73.3,5.65,322.8,9733,PEPPERSTONE_USDCHF__240.csv
USDCHF,4H,origination,15,1.8,bottom,44,30,14,68.2,3.58,732.8,48.4,3.9,128.0,44,68.2,3.58,732.8,0,0.0,999.0,0.0,9733,PEPPERSTONE_USDCHF__240.csv
USDCHF,4H,none,15,2.0,bottom,44,33,11,75.0,6.2,1071.4,72.1,2.0,124.2,29,75.9,6.17,705.2,15,73.3,6.28,366.2,9733,PEPPERSTONE_USDCHF__240.csv
USDCHF,4H,origination,15,2.0,bottom,44,30,14,68.2,3.97,845.7,57.4,3.9,128.0,44,68.2,3.97,845.7,0,0.0,999.0,0.0,9733,PEPPERSTONE_USDCHF__240.csv
USDCHF,4H,none,20,1.5,bottom,44,37,7,84.1,7.81,1168.3,61.7,2.0,124.2,29,82.8,6.51,725.0,15,86.7,12.08,443.3,9733,PEPPERSTONE_USDCHF__240.csv
USDCHF,4H,origination,20,1.5,bottom,44,32,12,72.7,3.6,818.3,42.7,3.9,128.0,44,72.7,3.6,818.3,0,0.0,999.0,0.0,9733,PEPPERSTONE_USDCHF__240.csv
USDCHF,4H,none,20,1.8,bottom,44,34,10,77.3,6.48,1268.2,65.9,2.0,124.2,29,79.3,6.55,840.2,15,73.3,6.35,428.0,9733,PEPPERSTONE_USDCHF__240.csv
USDCHF,4H,origination,20,1.8,bottom,44,31,13,70.5,3.96,988.8,52.6,3.9,128.0,44,70.5,3.96,988.8,0,0.0,999.0,0.0,9733,PEPPERSTONE_USDCHF__240.csv
USDCHF,4H,none,20,2.0,bottom,44,31,13,70.5,4.89,1201.9,62.1,2.0,124.2,29,72.4,4.72,777.6,15,66.7,5.24,424.3,9733,PEPPERSTONE_USDCHF__240.csv
USDCHF,4H,origination,20,2.0,bottom,44,28,16,63.6,3.05,868.8,48.2,4.9,128.0,44,63.6,3.05,868.8,0,0.0,999.0,0.0,9733,PEPPERSTONE_USDCHF__240.csv
USDCHF,1H,none,10,1.5,bottom,36,24,12,66.7,3.0,284.3,26.7,2.0,150.0,30,66.7,2.86,227.1,6,66.7,3.86,57.2,21642,PEPPERSTONE_USDCHF__60.csv
USDCHF,1H,origination,10,1.5,bottom,40,27,13,67.5,3.08,327.0,31.1,2.0,135.7,40,67.5,3.08,327.0,0,0.0,999.0,0.0,21642,PEPPERSTONE_USDCHF__60.csv
USDCHF,1H,none,10,1.8,bottom,36,23,13,63.9,3.04,323.9,32.3,3.0,150.0,30,63.3,2.81,251.2,6,66.7,4.64,72.7,21642,PEPPERSTONE_USDCHF__60.csv
USDCHF,1H,origination,10,1.8,bottom,40,26,14,65.0,3.17,378.2,38.1,3.0,135.7,40,65.0,3.17,378.2,0,0.0,999.0,0.0,21642,PEPPERSTONE_USDCHF__60.csv
USDCHF,1H,none,10,2.0,bottom,36,21,15,58.3,2.78,317.4,30.3,3.0,150.0,30,56.7,2.48,234.5,6,66.7,5.14,82.9,21642,PEPPERSTONE_USDCHF__60.csv
USDCHF,1H,origination,10,2.0,bottom,40,24,16,60.0,2.96,379.6,36.9,3.0,135.7,40,60.0,2.96,379.6,0,0.0,999.0,0.0,21642,PEPPERSTONE_USDCHF__60.csv
USDCHF,1H,none,15,1.5,bottom,32,19,13,59.4,2.21,254.8,16.4,2.0,134.3,26,53.8,1.72,140.1,6,83.3,8.65,114.7,21642,PEPPERSTONE_USDCHF__60.csv
USDCHF,1H,origination,15,1.5,bottom,32,19,13,59.4,2.13,237.6,16.4,3.0,132.0,32,59.4,2.13,237.6,0,0.0,999.0,0.0,21642,PEPPERSTONE_USDCHF__60.csv
USDCHF,1H,none,15,1.8,bottom,32,18,14,56.2,2.36,306.1,19.8,2.0,134.3,26,50.0,1.79,165.4,6,83.3,10.38,140.7,21642,PEPPERSTONE_USDCHF__60.csv
USDCHF,1H,origination,15,1.8,bottom,32,18,14,56.2,2.27,285.4,19.8,3.0,132.0,32,56.2,2.27,285.4,0,0.0,999.0,0.0,21642,PEPPERSTONE_USDCHF__60.csv
USDCHF,1H,none,15,2.0,bottom,32,16,16,50.0,2.0,261.2,16.9,3.0,134.3,26,42.3,1.42,103.3,6,83.3,11.53,157.9,21642,PEPPERSTONE_USDCHF__60.csv
USDCHF,1H,origination,15,2.0,bottom,32,16,16,50.0,1.92,238.3,16.9,3.0,132.0,32,50.0,1.92,238.3,0,0.0,999.0,0.0,21642,PEPPERSTONE_USDCHF__60.csv
USDCHF,1H,none,20,1.5,bottom,,,,,,,,,,,,,,,,,,21642,PEPPERSTONE_USDCHF__60.csv
USDCHF,1H,origination,20,1.5,bottom,,,,,,,,,,,,,,,,,,21642,PEPPERSTONE_USDCHF__60.csv
USDCHF,1H,none,20,1.8,bottom,,,,,,,,,,,,,,,,,,21642,PEPPERSTONE_USDCHF__60.csv
USDCHF,1H,origination,20,1.8,bottom,,,,,,,,,,,,,,,,,,21642,PEPPERSTONE_USDCHF__60.csv
USDCHF,1H,none,20,2.0,bottom,,,,,,,,,,,,,,,,,,21642,PEPPERSTONE_USDCHF__60.csv
USDCHF,1H,origination,20,2.0,bottom,,,,,,,,,,,,,,,,,,21642,PEPPERSTONE_USDCHF__60.csv
USDJPY,2H,none,10,1.5,bottom,37,19,18,51.4,1.86,241.4,10.7,4.9,165.0,25,52.0,2.06,166.2,12,50.0,1.61,75.2,19386,PEPPERSTONE_USDJPY__120.csv
USDJPY,2H,origination,10,1.5,bottom,35,19,16,54.3,1.99,233.8,13.0,4.9,368.6,35,54.3,1.99,233.8,0,0.0,999.0,0.0,19386,PEPPERSTONE_USDJPY__120.csv
USDJPY,2H,none,10,1.8,bottom,37,17,20,45.9,1.83,259.6,10.8,4.9,165.0,25,48.0,2.21,202.9,12,41.7,1.39,56.7,19386,PEPPERSTONE_USDJPY__120.csv
USDJPY,2H,origination,10,1.8,bottom,35,18,17,51.4,2.22,299.7,16.2,4.9,368.6,35,51.4,2.22,299.7,0,0.0,999.0,0.0,19386,PEPPERSTONE_USDJPY__120.csv
USDJPY,2H,none,10,2.0,bottom,37,17,20,45.9,2.04,323.0,14.5,4.9,165.0,25,48.0,2.46,244.0,12,41.7,1.55,79.0,19386,PEPPERSTONE_USDJPY__120.csv
USDJPY,2H,origination,10,2.0,bottom,35,18,17,51.4,2.47,360.2,20.4,4.9,368.6,35,51.4,2.47,360.2,0,0.0,999.0,0.0,19386,PEPPERSTONE_USDJPY__120.csv
USDJPY,2H,none,15,1.5,bottom,28,17,11,60.7,2.89,351.4,15.3,4.9,190.6,20,55.0,2.41,191.0,8,75.0,4.17,160.4,19386,PEPPERSTONE_USDJPY__120.csv
USDJPY,2H,origination,15,1.5,bottom,30,18,12,60.0,2.47,321.1,15.9,3.0,425.8,30,60.0,2.47,321.1,0,0.0,999.0,0.0,19386,PEPPERSTONE_USDJPY__120.csv
USDJPY,2H,none,15,1.8,bottom,28,16,12,57.1,2.93,399.7,17.9,4.9,190.6,20,55.0,2.9,256.0,8,62.5,3.01,143.7,19386,PEPPERSTONE_USDJPY__120.csv
USDJPY,2H,origination,15,1.8,bottom,30,18,12,60.0,2.97,428.8,22.2,3.0,425.8,30,60.0,2.97,428.8,0,0.0,999.0,0.0,19386,PEPPERSTONE_USDJPY__120.csv
USDJPY,2H,none,15,2.0,bottom,28,15,13,53.6,2.65,386.3,18.1,4.9,190.6,20,50.0,2.35,218.7,8,62.5,3.34,167.6,19386,PEPPERSTONE_USDJPY__120.csv
USDJPY,2H,origination,15,2.0,bottom,30,17,13,56.7,2.71,419.9,22.9,3.0,425.8,30,56.7,2.71,419.9,0,0.0,999.0,0.0,19386,PEPPERSTONE_USDJPY__120.csv
USDJPY,2H,none,20,1.5,bottom,18,10,8,55.6,1.76,134.0,7.1,3.9,261.8,14,57.1,2.0,120.0,4,50.0,1.25,14.0,19386,PEPPERSTONE_USDJPY__120.csv
USDJPY,2H,origination,20,1.5,bottom,19,13,6,68.4,3.53,303.9,14.3,2.0,281.1,19,68.4,3.53,303.9,0,0.0,999.0,0.0,19386,PEPPERSTONE_USDJPY__120.csv
USDJPY,2H,none,20,1.8,bottom,17,9,8,52.9,1.84,148.2,8.3,3.9,277.1,14,57.1,2.4,168.0,,,,,19386,PEPPERSTONE_USDJPY__120.csv
USDJPY,2H,origination,20,1.8,bottom,19,12,7,63.2,3.13,313.0,15.5,2.0,281.1,19,63.2,3.13,313.0,0,0.0,999.0,0.0,19386,PEPPERSTONE_USDJPY__120.csv
USDJPY,2H,none,20,2.0,bottom,17,9,8,52.9,2.05,184.2,10.3,3.9,277.1,14,57.1,2.67,200.0,,,,,19386,PEPPERSTONE_USDJPY__120.csv
USDJPY,2H,origination,20,2.0,bottom,19,10,9,52.6,2.1,215.3,11.4,3.0,281.1,19,52.6,2.1,215.3,0,0.0,999.0,0.0,19386,PEPPERSTONE_USDJPY__120.csv
USDJPY,4H,none,10,1.5,bottom,36,16,20,44.4,1.63,204.6,3.8,6.3,272.0,27,48.1,2.26,234.8,,,,,9898,PEPPERSTONE_USDJPY__240.csv
USDJPY,4H,origination,10,1.5,bottom,38,20,18,52.6,2.61,415.4,12.4,3.9,298.2,38,52.6,2.61,415.4,0,0.0,999.0,0.0,9898,PEPPERSTONE_USDJPY__240.csv
USDJPY,4H,none,10,1.8,bottom,36,16,20,44.4,1.95,310.7,8.8,6.1,272.0,27,48.1,2.71,318.9,,,,,9898,PEPPERSTONE_USDJPY__240.csv
USDJPY,4H,origination,10,1.8,bottom,38,19,19,50.0,2.52,447.6,16.0,4.2,298.2,38,50.0,2.52,447.6,0,0.0,999.0,0.0,9898,PEPPERSTONE_USDJPY__240.csv
USDJPY,4H,none,10,2.0,bottom,36,16,20,44.4,2.17,381.6,12.3,5.9,272.0,27,48.1,3.01,375.2,9,33.3,1.05,6.4,9898,PEPPERSTONE_USDJPY__240.csv
USDJPY,4H,origination,10,2.0,bottom,38,19,19,50.0,2.8,530.2,20.4,3.9,298.2,38,50.0,2.8,530.2,0,0.0,999.0,0.0,9898,PEPPERSTONE_USDJPY__240.csv
USDJPY,4H,none,15,1.5,bottom,36,18,18,50.0,1.75,299.5,9.1,4.4,272.0,27,51.9,2.24,299.8,,,,,9898,PEPPERSTONE_USDJPY__240.csv
USDJPY,4H,origination,15,1.5,bottom,38,23,15,60.5,3.25,637.0,21.1,3.0,298.2,38,60.5,3.25,637.0,0,0.0,999.0,0.0,9898,PEPPERSTONE_USDJPY__240.csv
USDJPY,4H,none,15,1.8,bottom,36,17,19,47.2,1.83,355.9,11.9,4.2,272.0,27,51.9,2.69,407.8,,,,,9898,PEPPERSTONE_USDJPY__240.csv
USDJPY,4H,origination,15,1.8,bottom,38,22,16,57.9,3.17,704.5,26.1,3.2,298.2,38,57.9,3.17,704.5,0,0.0,999.0,0.0,9898,PEPPERSTONE_USDJPY__240.csv
USDJPY,4H,none,15,2.0,bottom,36,17,19,47.2,2.04,442.9,15.7,4.0,272.0,27,51.9,2.99,480.1,,,,,9898,PEPPERSTONE_USDJPY__240.csv
USDJPY,4H,origination,15,2.0,bottom,38,22,16,57.9,3.52,819.0,31.6,3.0,298.2,38,57.9,3.52,819.0,0,0.0,999.0,0.0,9898,PEPPERSTONE_USDJPY__240.csv
USDJPY,4H,none,20,1.5,bottom,32,18,14,56.2,1.84,322.1,13.6,3.0,290.9,24,58.3,2.11,272.5,8,50.0,1.37,49.6,9898,PEPPERSTONE_USDJPY__240.csv
USDJPY,4H,origination,20,1.5,bottom,33,21,12,63.6,2.77,526.3,21.2,3.0,336.3,33,63.6,2.77,526.3,0,0.0,999.0,0.0,9898,PEPPERSTONE_USDJPY__240.csv
USDJPY,4H,none,20,1.8,bottom,32,16,16,50.0,1.59,266.6,13.3,3.0,290.9,24,54.2,1.98,276.4,,,,,9898,PEPPERSTONE_USDJPY__240.csv
USDJPY,4H,origination,20,1.8,bottom,33,20,13,60.6,2.77,591.3,25.4,3.0,336.3,33,60.6,2.77,591.3,0,0.0,999.0,0.0,9898,PEPPERSTONE_USDJPY__240.csv
USDJPY,4H,none,20,2.0,bottom,32,15,17,46.9,1.51,248.3,13.5,3.9,290.9,24,54.2,2.2,338.5,,,,,9898,PEPPERSTONE_USDJPY__240.csv
USDJPY,4H,origination,20,2.0,bottom,33,19,14,57.6,2.54,573.7,26.6,3.9,336.3,33,57.6,2.54,573.7,0,0.0,999.0,0.0,9898,PEPPERSTONE_USDJPY__240.csv
USDJPY,1H,none,10,1.5,bottom,31,17,14,54.8,1.65,126.2,11.9,2.0,46.0,24,54.2,1.68,102.0,7,57.1,1.53,24.2,21647,PEPPERSTONE_USDJPY__60.csv
USDJPY,1H,origination,10,1.5,bottom,31,20,11,64.5,2.44,216.1,20.6,3.5,84.2,31,64.5,2.44,216.1,0,0.0,999.0,0.0,21647,PEPPERSTONE_USDJPY__60.csv
USDJPY,1H,none,10,1.8,bottom,31,15,16,48.4,1.45,101.4,11.3,4.4,46.0,24,45.8,1.35,63.2,7,57.1,1.84,38.2,21647,PEPPERSTONE_USDJPY__60.csv
USDJPY,1H,origination,10,1.8,bottom,31,17,14,54.8,1.9,172.2,17.6,6.1,84.2,31,54.8,1.9,172.2,0,0.0,999.0,0.0,21647,PEPPERSTONE_USDJPY__60.csv
USDJPY,1H,none,10,2.0,bottom,31,13,18,41.9,1.28,70.6,8.0,6.8,46.0,24,37.5,1.11,23.1,7,57.1,2.04,47.5,21647,PEPPERSTONE_USDJPY__60.csv
USDJPY,1H,origination,10,2.0,bottom,31,15,16,48.4,1.68,145.3,14.6,8.7,84.2,31,48.4,1.68,145.3,0,0.0,999.0,0.0,21647,PEPPERSTONE_USDJPY__60.csv
USDJPY,1H,none,15,1.5,bottom,18,11,7,61.1,2.37,147.1,9.8,2.0,69.4,15,60.0,2.27,117.1,3,66.7,3.0,30.0,21647,PEPPERSTONE_USDJPY__60.csv
USDJPY,1H,origination,15,1.5,bottom,21,13,8,61.9,2.45,177.1,12.0,1.0,112.6,21,61.9,2.45,177.1,0,0.0,999.0,0.0,21647,PEPPERSTONE_USDJPY__60.csv
USDJPY,1H,none,15,1.8,bottom,18,10,8,55.6,2.27,156.0,10.3,2.0,69.4,15,53.3,2.09,117.0,3,66.7,3.6,39.0,21647,PEPPERSTONE_USDJPY__60.csv
USDJPY,1H,origination,15,1.8,bottom,21,12,9,57.1,2.42,195.0,13.2,2.0,112.6,21,57.1,2.42,195.0,0,0.0,999.0,0.0,21647,PEPPERSTONE_USDJPY__60.csv
USDJPY,1H,none,15,2.0,bottom,18,9,9,50.0,2.03,141.9,9.2,2.0,69.4,15,53.3,2.32,141.9,3,33.3,1.0,0.0,21647,PEPPERSTONE_USDJPY__60.csv
USDJPY,1H,origination,15,2.0,bottom,21,12,9,57.1,2.69,231.9,15.9,2.0,112.6,21,57.1,2.69,231.9,0,0.0,999.0,0.0,21647,PEPPERSTONE_USDJPY__60.csv
USDJPY,1H,none,20,1.5,bottom,16,9,7,56.2,1.93,130.0,6.6,2.0,76.6,13,61.5,2.4,140.0,,,,,21647,PEPPERSTONE_USDJPY__60.csv
USDJPY,1H,origination,20,1.5,bottom,19,12,7,63.2,2.57,220.0,11.4,2.0,123.2,19,63.2,2.57,220.0,0,0.0,999.0,0.0,21647,PEPPERSTONE_USDJPY__60.csv
USDJPY,1H,none,20,1.8,bottom,16,9,7,56.2,2.31,184.0,9.4,2.0,76.6,13,61.5,2.88,188.0,,,,,21647,PEPPERSTONE_USDJPY__60.csv
USDJPY,1H,origination,20,1.8,bottom,19,12,7,63.2,3.09,292.0,15.5,2.0,123.2,19,63.2,3.09,292.0,0,0.0,999.0,0.0,21647,PEPPERSTONE_USDJPY__60.csv
USDJPY,1H,none,20,2.0,bottom,16,8,8,50.0,2.0,160.0,8.1,3.9,76.6,13,53.8,2.33,160.0,3,33.3,1.0,0.0,21647,PEPPERSTONE_USDJPY__60.csv
USDJPY,1H,origination,20,2.0,bottom,19,11,8,57.9,2.75,280.0,14.7,3.0,123.2,19,57.9,2.75,280.0,0,0.0,999.0,0.0,21647,PEPPERSTONE_USDJPY__60.csv
XAUUSD,2H,none,10,1.5,bottom,34,11,23,32.4,3.06,973.4,,11.0,88.1,25,28.0,2.55,562.7,9,44.4,4.79,410.7,19184,PEPPERSTONE_XAUUSD__120.csv
XAUUSD,2H,origination,10,1.5,bottom,35,12,23,34.3,2.55,719.8,,9.6,89.6,35,34.3,2.55,719.8,0,0.0,999.0,0.0,19184,PEPPERSTONE_XAUUSD__120.csv
XAUUSD,2H,none,10,1.8,bottom,34,10,24,29.4,3.1,1107.9,,9.7,88.1,25,24.0,2.42,593.4,9,44.4,5.75,514.5,19184,PEPPERSTONE_XAUUSD__120.csv
XAUUSD,2H,origination,10,1.8,bottom,35,10,25,28.6,2.3,715.9,,10.4,89.6,35,28.6,2.3,715.9,0,0.0,999.0,0.0,19184,PEPPERSTONE_XAUUSD__120.csv
XAUUSD,2H,none,10,2.0,bottom,34,10,24,29.4,3.45,1289.6,,8.8,88.1,25,24.0,2.69,705.9,9,44.4,6.38,583.7,19184,PEPPERSTONE_XAUUSD__120.csv
XAUUSD,2H,origination,10,2.0,bottom,35,10,25,28.6,2.56,856.7,,9.7,89.6,35,28.6,2.56,856.7,0,0.0,999.0,0.0,19184,PEPPERSTONE_XAUUSD__120.csv
XAUUSD,2H,none,15,1.5,bottom,34,13,21,38.2,2.5,903.1,,6.9,88.1,25,36.0,2.04,487.4,9,44.4,4.12,415.7,19184,PEPPERSTONE_XAUUSD__120.csv
XAUUSD,2H,origination,15,1.5,bottom,35,13,22,37.1,1.9,567.5,,7.3,89.6,35,37.1,1.9,567.5,0,0.0,999.0,0.0,19184,PEPPERSTONE_XAUUSD__120.csv
XAUUSD,2H,none,15,1.8,bottom,34,13,21,38.2,3.0,1203.8,2.1,5.5,88.1,25,36.0,2.45,678.4,9,44.4,4.94,525.4,19184,PEPPERSTONE_XAUUSD__120.csv
XAUUSD,2H,origination,15,1.8,bottom,35,13,22,37.1,2.28,806.9,1.1,7.0,89.6,35,37.1,2.28,806.9,0,0.0,999.0,0.0,19184,PEPPERSTONE_XAUUSD__120.csv
XAUUSD,2H,none,15,2.0,bottom,34,13,21,38.2,3.33,1404.6,4.8,5.0,88.1,25,36.0,2.72,805.9,9,44.4,5.49,598.7,19184,PEPPERSTONE_XAUUSD__120.csv
XAUUSD,2H,origination,15,2.0,bottom,35,13,22,37.1,2.53,966.7,3.7,6.8,89.6,35,37.1,2.53,966.7,0,0.0,999.0,0.0,19184,PEPPERSTONE_XAUUSD__120.csv
XAUUSD,2H,none,20,1.5,bottom,34,16,18,47.1,2.93,1158.4,5.9,6.0,88.1,25,44.0,2.48,687.7,9,55.6,4.4,470.7,19184,PEPPERSTONE_XAUUSD__120.csv
XAUUSD,2H,origination,20,1.5,bottom,35,16,19,45.7,2.29,817.8,4.8,7.3,89.6,35,45.7,2.29,817.8,0,0.0,999.0,0.0,19184,PEPPERSTONE_XAUUSD__120.csv
XAUUSD,2H,none,20,1.8,bottom,34,16,18,47.1,3.51,1510.2,11.0,5.1,88.1,25,44.0,2.98,917.8,9,55.6,5.28,592.4,19184,PEPPERSTONE_XAUUSD__120.csv
XAUUSD,2H,origination,20,1.8,bottom,35,16,19,45.7,2.74,1108.3,9.9,7.0,89.6,35,45.7,2.74,1108.3,0,0.0,999.0,0.0,19184,PEPPERSTONE_XAUUSD__120.csv
XAUUSD,2H,none,20,2.0,bottom,34,15,19,44.1,3.32,1549.6,11.2,4.9,88.1,25,40.0,2.66,875.9,9,55.6,5.87,673.7,19184,PEPPERSTONE_XAUUSD__120.csv
XAUUSD,2H,origination,20,2.0,bottom,35,14,21,40.0,2.22,925.5,6.8,6.8,89.6,35,40.0,2.22,925.5,0,0.0,999.0,0.0,19184,PEPPERSTONE_XAUUSD__120.csv
XAUUSD,4H,none,10,1.5,bottom,35,13,22,37.1,2.43,826.4,,8.3,53.8,29,37.9,3.23,928.6,,,,,9792,PEPPERSTONE_XAUUSD__240.csv
XAUUSD,4H,origination,10,1.5,bottom,34,12,22,35.3,2.82,917.9,,11.0,60.6,34,35.3,2.82,917.9,0,0.0,999.0,0.0,9792,PEPPERSTONE_XAUUSD__240.csv
XAUUSD,4H,none,10,1.8,bottom,35,13,22,37.1,2.91,1107.8,1.1,7.9,53.8,29,37.9,3.88,1197.6,,,,,9792,PEPPERSTONE_XAUUSD__240.csv
XAUUSD,4H,origination,10,1.8,bottom,34,12,22,35.3,3.39,1202.2,,10.2,60.6,34,35.3,3.39,1202.2,0,0.0,999.0,0.0,9792,PEPPERSTONE_XAUUSD__240.csv
XAUUSD,4H,none,10,2.0,bottom,35,12,23,34.3,1.78,629.2,0.7,7.8,53.8,29,34.5,2.11,710.8,,,,,9792,PEPPERSTONE_XAUUSD__240.csv
XAUUSD,4H,origination,10,2.0,bottom,34,11,23,32.4,2.0,725.6,,9.7,60.6,34,32.4,2.0,725.6,0,0.0,999.0,0.0,9792,PEPPERSTONE_XAUUSD__240.csv
XAUUSD,4H,none,15,1.5,bottom,35,14,21,40.0,2.26,851.4,,8.3,53.8,29,41.4,2.95,958.6,,,,,9792,PEPPERSTONE_XAUUSD__240.csv
XAUUSD,4H,origination,15,1.5,bottom,34,14,20,41.2,2.67,972.9,0.7,11.0,60.6,34,41.2,2.67,972.9,0,0.0,999.0,0.0,9792,PEPPERSTONE_XAUUSD__240.csv
XAUUSD,4H,none,15,1.8,bottom,35,14,21,40.0,2.71,1156.8,3.9,7.9,53.8,29,41.4,3.54,1248.6,,,,,9792,PEPPERSTONE_XAUUSD__240.csv
XAUUSD,4H,origination,15,1.8,bottom,34,14,20,41.2,3.2,1284.2,5.0,10.2,60.6,34,41.2,3.2,1284.2,0,0.0,999.0,0.0,9792,PEPPERSTONE_XAUUSD__240.csv
XAUUSD,4H,none,15,2.0,bottom,35,13,22,37.1,1.75,679.2,3.7,7.8,53.8,29,37.9,2.06,760.8,,,,,9792,PEPPERSTONE_XAUUSD__240.csv
XAUUSD,4H,origination,15,2.0,bottom,34,13,21,38.2,2.0,810.6,4.7,9.7,60.6,34,38.2,2.0,810.6,0,0.0,999.0,0.0,9792,PEPPERSTONE_XAUUSD__240.csv
XAUUSD,4H,none,20,1.5,bottom,35,15,20,42.9,2.19,901.4,2.3,6.8,53.8,29,44.8,2.82,1013.6,,,,,9792,PEPPERSTONE_XAUUSD__240.csv
XAUUSD,4H,origination,20,1.5,bottom,34,15,19,44.1,2.55,1027.9,3.3,8.7,60.6,34,44.1,2.55,1027.9,0,0.0,999.0,0.0,9792,PEPPERSTONE_XAUUSD__240.csv
XAUUSD,4H,none,20,1.8,bottom,35,14,21,40.0,1.59,584.2,3.9,7.0,53.8,29,41.4,1.86,678.0,,,,,9792,PEPPERSTONE_XAUUSD__240.csv
XAUUSD,4H,origination,20,1.8,bottom,34,14,20,41.2,1.8,716.6,5.0,7.8,60.6,34,41.2,1.8,716.6,0,0.0,999.0,0.0,9792,PEPPERSTONE_XAUUSD__240.csv
XAUUSD,4H,none,20,2.0,bottom,35,14,21,40.0,1.77,759.2,6.8,6.8,53.8,29,41.4,2.07,840.8,,,,,9792,PEPPERSTONE_XAUUSD__240.csv
XAUUSD,4H,origination,20,2.0,bottom,34,14,20,41.2,2.0,895.6,7.9,6.9,60.6,34,41.2,2.0,895.6,0,0.0,999.0,0.0,9792,PEPPERSTONE_XAUUSD__240.csv
XAUUSD,1H,none,10,1.5,bottom,32,14,18,43.8,4.12,1083.6,2.8,5.4,90.7,25,36.0,2.44,469.4,7,71.4,31.71,614.2,20569,PEPPERSTONE_XAUUSD__60.csv
XAUUSD,1H,origination,10,1.5,bottom,31,10,21,32.3,1.95,414.6,,6.0,108.4,31,32.3,1.95,414.6,0,0.0,999.0,0.0,20569,PEPPERSTONE_XAUUSD__60.csv
XAUUSD,1H,none,10,1.8,bottom,32,13,19,40.6,3.68,1144.2,4.2,5.1,90.7,25,36.0,2.92,628.6,7,57.1,6.13,515.6,20569,PEPPERSTONE_XAUUSD__60.csv
XAUUSD,1H,origination,10,1.8,bottom,31,10,21,32.3,2.34,584.9,,4.4,108.4,31,32.3,2.34,584.9,0,0.0,999.0,0.0,20569,PEPPERSTONE_XAUUSD__60.csv
XAUUSD,1H,none,10,2.0,bottom,32,11,21,34.4,2.7,941.0,0.7,4.9,90.7,25,32.0,2.46,561.4,7,42.9,3.25,379.6,20569,PEPPERSTONE_XAUUSD__60.csv
XAUUSD,1H,origination,10,2.0,bottom,31,9,22,29.0,2.06,525.1,,4.2,108.4,31,29.0,2.06,525.1,0,0.0,999.0,0.0,20569,PEPPERSTONE_XAUUSD__60.csv
XAUUSD,1H,none,15,1.5,bottom,31,16,15,51.6,4.03,1188.6,9.1,3.0,84.2,24,45.8,2.51,546.9,7,71.4,22.39,641.7,20569,PEPPERSTONE_XAUUSD__60.csv
XAUUSD,1H,origination,15,1.5,bottom,30,12,18,40.0,1.95,474.6,,4.5,102.2,30,40.0,1.95,474.6,0,0.0,999.0,0.0,20569,PEPPERSTONE_XAUUSD__60.csv
XAUUSD,1H,none,15,1.8,bottom,31,14,17,45.2,3.02,1089.4,8.2,5.3,84.2,24,41.7,2.3,552.8,7,57.1,5.64,536.6,20569,PEPPERSTONE_XAUUSD__60.csv
XAUUSD,1H,origination,15,1.8,bottom,30,11,19,36.7,1.88,493.1,0.5,4.8,102.2,30,36.7,1.88,493.1,0,0.0,999.0,0.0,20569,PEPPERSTONE_XAUUSD__60.csv
XAUUSD,1H,none,15,2.0,bottom,31,14,17,45.2,3.35,1270.4,11.2,5.0,84.2,24,41.7,2.56,661.4,7,57.1,6.27,609.0,20569,PEPPERSTONE_XAUUSD__60.csv
XAUUSD,1H,origination,15,2.0,bottom,30,11,19,36.7,2.09,610.1,2.7,4.1,102.2,30,36.7,2.09,610.1,0,0.0,999.0,0.0,20569,PEPPERSTONE_XAUUSD__60.csv
XAUUSD,1H,none,20,1.5,bottom,31,16,15,51.6,2.97,1057.2,9.1,3.0,84.2,24,50.0,2.51,614.4,7,57.1,4.39,442.8,20569,PEPPERSTONE_XAUUSD__60.csv
XAUUSD,1H,origination,20,1.5,bottom,30,14,16,46.7,2.05,574.6,4.9,3.5,102.2,30,46.7,2.05,574.6,0,0.0,999.0,0.0,20569,PEPPERSTONE_XAUUSD__60.csv
XAUUSD,1H,none,20,1.8,bottom,31,15,16,48.4,2.96,1186.4,11.3,4.9,84.2,24,45.8,2.32,628.8,7,57.1,5.27,557.6,20569,PEPPERSTONE_XAUUSD__60.csv
XAUUSD,1H,origination,20,1.8,bottom,30,13,17,43.3,1.99,609.1,6.3,4.4,102.2,30,43.3,1.99,609.1,0,0.0,999.0,0.0,20569,PEPPERSTONE_XAUUSD__60.csv
XAUUSD,1H,none,20,2.0,bottom,31,15,16,48.4,3.29,1385.4,14.6,4.9,84.2,24,45.8,2.58,751.4,7,57.1,5.85,634.0,20569,PEPPERSTONE_XAUUSD__60.csv
XAUUSD,1H,origination,20,2.0,bottom,30,13,17,43.3,2.21,745.1,9.0,4.0,102.2,30,43.3,2.21,745.1,0,0.0,999.0,0.0,20569,PEPPERSTONE_XAUUSD__60.csv
